player_id,username,level,estimated_total_stats,strength,defense,speed,dexterity,component_stats_total,max_life,source_count,sources,netgangster_lists,forum_stat_band,estimate_conflict_over_20pct,alternate_estimates,estimate_details,profile_url,attack_url,source_urls
1695815,Linked-,78,77424750,50915827,23896605,2275950,336368,77424750,,1,Net Gangster Legacy List 11,11,,false,,77424750 [Net Gangster Legacy List 11],https://www.torn.com/profiles.php?XID=1695815,https://www.torn.com/loader.php?sid=attack&user2ID=1695815,https://torn.netgangster.com/Targets.html
1627252,eladgrin,73,58301703,14557827,14529355,14525329,14689192,58301703,,1,Net Gangster Legacy List 10,10,,false,,58301703 [Net Gangster Legacy List 10],https://www.torn.com/profiles.php?XID=1627252,https://www.torn.com/loader.php?sid=attack&user2ID=1627252,https://torn.netgangster.com/Targets.html
14821,ShadyLady,70,95263406,40069858,1355427,30044030,23794091,95263406,,1,Net Gangster Legacy List 9,9,,false,,95263406 [Net Gangster Legacy List 9],https://www.torn.com/profiles.php?XID=14821,https://www.torn.com/loader.php?sid=attack&user2ID=14821,https://torn.netgangster.com/Targets.html
747490,-Cindy-,48,62522499,32948259,5487,435075,29133678,62522499,,1,Net Gangster Legacy List 8,8,,false,,62522499 [Net Gangster Legacy List 8],https://www.torn.com/profiles.php?XID=747490,https://www.torn.com/loader.php?sid=attack&user2ID=747490,https://torn.netgangster.com/Targets.html
1547215,platnick,47,62341675,1292606,351,1007554,60041164,62341675,,1,Net Gangster Legacy List 7,7,,false,,62341675 [Net Gangster Legacy List 7],https://www.torn.com/profiles.php?XID=1547215,https://www.torn.com/loader.php?sid=attack&user2ID=1547215,https://torn.netgangster.com/Targets.html
854744,DickheadRabid,41,64935289,109863,64618486,106376,100564,64935289,,1,Net Gangster Legacy List 6,6,,false,,64935289 [Net Gangster Legacy List 6],https://www.torn.com/profiles.php?XID=854744,https://www.torn.com/loader.php?sid=attack&user2ID=854744,https://torn.netgangster.com/Targets.html
320161,crazydave,35,990,234,244,257,255,990,,2,Baldr's List 1 | Net Gangster Legacy List 5,5,,false,,990 [Compiled input + Net Gangster Legacy List 5],https://www.torn.com/profiles.php?XID=320161,https://www.torn.com/loader.php?sid=attack&user2ID=320161,https://github.com/OranWeb/tc-baldrs-levelling-list/blob/master/data.json | https://torn.netgangster.com/Targets.html
,Sexy_Biatch,35,47000,,,,,,1625,1,Just Another Hitlist,,"10,000-100,000",false,,47000 [Just Another Hitlist],https://www.torn.com/profiles.php?NID=Sexy_Biatch,,https://www.torn.com/forums.php#/p=threads&f=61&t=16280317&b=0&a=0
,RottenBenny,34,81000,,,,,,1811,1,Just Another Hitlist,,"10,000-100,000",false,,81000 [Just Another Hitlist],https://www.torn.com/profiles.php?NID=RottenBenny,,https://www.torn.com/forums.php#/p=threads&f=61&t=16280317&b=0&a=0
,Shera,33,36000,,,,,,1525,1,Just Another Hitlist,,"10,000-100,000",false,,36000 [Just Another Hitlist],https://www.torn.com/profiles.php?NID=Shera,,https://www.torn.com/forums.php#/p=threads&f=61&t=16280317&b=0&a=0
522960,maverick1972,31,396,106,107,99,84,396,,2,Baldr's List 1 | Net Gangster Legacy List 4,4,,false,,396 [Compiled input + Net Gangster Legacy List 4],https://www.torn.com/profiles.php?XID=522960,https://www.torn.com/loader.php?sid=attack&user2ID=522960,https://github.com/OranWeb/tc-baldrs-levelling-list/blob/master/data.json | https://torn.netgangster.com/Targets.html
488552,Mataifa,31,640,292,39,218,91,640,,2,Baldr's List 1 | Net Gangster Legacy List 3,3,,false,,640 [Compiled input + Net Gangster Legacy List 3],https://www.torn.com/profiles.php?XID=488552,https://www.torn.com/loader.php?sid=attack&user2ID=488552,https://github.com/OranWeb/tc-baldrs-levelling-list/blob/master/data.json | https://torn.netgangster.com/Targets.html
,Ripply,31,30000,,,,,,1425,1,Just Another Hitlist,,"10,000-100,000",false,,30000 [Just Another Hitlist],https://www.torn.com/profiles.php?NID=Ripply,,https://www.torn.com/forums.php#/p=threads&f=61&t=16280317&b=0&a=0
,RocksCanFly,31,56000,,,,,,1567,1,Just Another Hitlist,,"10,000-100,000",false,,56000 [Just Another Hitlist],https://www.torn.com/profiles.php?NID=RocksCanFly,,https://www.torn.com/forums.php#/p=threads&f=61&t=16280317&b=0&a=0
,Az_Critter,31,80000,,,,,,1425,1,Just Another Hitlist,,"10,000-100,000",false,,80000 [Just Another Hitlist],https://www.torn.com/profiles.php?NID=Az_Critter,,https://www.torn.com/forums.php#/p=threads&f=61&t=16280317&b=0&a=0
810355,fanpi017,30,654,195,138,146,175,654,,2,Baldr's List 1 | Net Gangster Legacy List 2,2,,false,,654 [Compiled input + Net Gangster Legacy List 2],https://www.torn.com/profiles.php?XID=810355,https://www.torn.com/loader.php?sid=attack&user2ID=810355,https://github.com/OranWeb/tc-baldrs-levelling-list/blob/master/data.json | https://torn.netgangster.com/Targets.html
,Tomalak,30,25100,,,,,,1650,1,Just Another Hitlist,,"10,000-100,000",false,,25100 [Just Another Hitlist],https://www.torn.com/profiles.php?NID=Tomalak,,https://www.torn.com/forums.php#/p=threads&f=61&t=16280317&b=0&a=0
,GuyReeb23,30,33000,,,,,,1375,1,Just Another Hitlist,,"10,000-100,000",false,,33000 [Just Another Hitlist],https://www.torn.com/profiles.php?NID=GuyReeb23,,https://www.torn.com/forums.php#/p=threads&f=61&t=16280317&b=0&a=0
,A320,30,50000,,,,,,1443,1,Just Another Hitlist,,"10,000-100,000",false,,50000 [Just Another Hitlist],https://www.torn.com/profiles.php?NID=A320,,https://www.torn.com/forums.php#/p=threads&f=61&t=16280317&b=0&a=0
,demonalex,30,65000,,,,,,1581,1,Just Another Hitlist,,"10,000-100,000",false,,65000 [Just Another Hitlist],https://www.torn.com/profiles.php?NID=demonalex,,https://www.torn.com/forums.php#/p=threads&f=61&t=16280317&b=0&a=0
1046495,OwlByNite,29,459,141,104,101,104,459,,2,Baldr's List 1 | Net Gangster Legacy List 1,1,,false,450 | 459,450 [Net Gangster Legacy List 1]; 459 [Compiled input],https://www.torn.com/profiles.php?XID=1046495,https://www.torn.com/loader.php?sid=attack&user2ID=1046495,https://github.com/OranWeb/tc-baldrs-levelling-list/blob/master/data.json | https://torn.netgangster.com/Targets.html
54816,fast_lane_6H,29,,,,,,,,1,Net Gangster Legacy List 13,13,,false,,,https://www.torn.com/profiles.php?XID=54816,https://www.torn.com/loader.php?sid=attack&user2ID=54816,https://torn.netgangster.com/Targets.html
524912,Luciii,28,579,117,100,262,100,579,,2,Baldr's List 1 | Net Gangster Legacy List 11,11,,false,,579 [Compiled input + Net Gangster Legacy List 11],https://www.torn.com/profiles.php?XID=524912,https://www.torn.com/loader.php?sid=attack&user2ID=524912,https://github.com/OranWeb/tc-baldrs-levelling-list/blob/master/data.json | https://torn.netgangster.com/Targets.html
1682111,-----Nick----,28,638,197,121,177,143,638,,2,Baldr's List 1 | Net Gangster Legacy List 8,8,,false,,638 [Compiled input + Net Gangster Legacy List 8],https://www.torn.com/profiles.php?XID=1682111,https://www.torn.com/loader.php?sid=attack&user2ID=1682111,https://github.com/OranWeb/tc-baldrs-levelling-list/blob/master/data.json | https://torn.netgangster.com/Targets.html
387822,russellkill,28,763,437,42,159,125,763,,2,Baldr's List 1 | Net Gangster Legacy List 12,12,,false,,763 [Compiled input + Net Gangster Legacy List 12],https://www.torn.com/profiles.php?XID=387822,https://www.torn.com/loader.php?sid=attack&user2ID=387822,https://github.com/OranWeb/tc-baldrs-levelling-list/blob/master/data.json | https://torn.netgangster.com/Targets.html
,Ahika,28,27200,,,,,,1593,1,Just Another Hitlist,,"10,000-100,000",false,,27200 [Just Another Hitlist],https://www.torn.com/profiles.php?NID=Ahika,,https://www.torn.com/forums.php#/p=threads&f=61&t=16280317&b=0&a=0
,Kneazi,28,32000,,,,,,1338,1,Just Another Hitlist,,"10,000-100,000",false,,32000 [Just Another Hitlist],https://www.torn.com/profiles.php?NID=Kneazi,,https://www.torn.com/forums.php#/p=threads&f=61&t=16280317&b=0&a=0
,ASchwarzenegger,28,34000,,,,,,1402,1,Just Another Hitlist,,"10,000-100,000",false,,34000 [Just Another Hitlist],https://www.torn.com/profiles.php?NID=ASchwarzenegger,,https://www.torn.com/forums.php#/p=threads&f=61&t=16280317&b=0&a=0
,WaruiKitsune,28,82000,,,,,,1275,1,Just Another Hitlist,,"10,000-100,000",false,,82000 [Just Another Hitlist],https://www.torn.com/profiles.php?NID=WaruiKitsune,,https://www.torn.com/forums.php#/p=threads&f=61&t=16280317&b=0&a=0
,Scheherazade,28,94000,,,,,,1402,1,Just Another Hitlist,,"10,000-100,000",false,,94000 [Just Another Hitlist],https://www.torn.com/profiles.php?NID=Scheherazade,,https://www.torn.com/forums.php#/p=threads&f=61&t=16280317&b=0&a=0
610531,8ballboi,28,,,,,,,,1,Net Gangster Legacy List 9,9,,false,,,https://www.torn.com/profiles.php?XID=610531,https://www.torn.com/loader.php?sid=attack&user2ID=610531,https://torn.netgangster.com/Targets.html
431823,Gabriel_Grohl,28,,,,,,,,1,Net Gangster Legacy List 10,10,,false,,,https://www.torn.com/profiles.php?XID=431823,https://www.torn.com/loader.php?sid=attack&user2ID=431823,https://torn.netgangster.com/Targets.html
566484,themastercheif,27,119,38,35,32,14,119,,2,Baldr's List 1 | Net Gangster Legacy List 7,7,,false,,119 [Compiled input + Net Gangster Legacy List 7],https://www.torn.com/profiles.php?XID=566484,https://www.torn.com/loader.php?sid=attack&user2ID=566484,https://github.com/OranWeb/tc-baldrs-levelling-list/blob/master/data.json | https://torn.netgangster.com/Targets.html
298167,matt007,27,194,113,18,32,31,194,,2,Baldr's List 1 | Net Gangster Legacy List 4,4,,false,,194 [Compiled input + Net Gangster Legacy List 4],https://www.torn.com/profiles.php?XID=298167,https://www.torn.com/loader.php?sid=attack&user2ID=298167,https://github.com/OranWeb/tc-baldrs-levelling-list/blob/master/data.json | https://torn.netgangster.com/Targets.html
879148,babymolly,27,227,94,27,35,71,227,,2,Baldr's List 1 | Net Gangster Legacy List 10,10,,false,,227 [Compiled input + Net Gangster Legacy List 10],https://www.torn.com/profiles.php?XID=879148,https://www.torn.com/loader.php?sid=attack&user2ID=879148,https://github.com/OranWeb/tc-baldrs-levelling-list/blob/master/data.json | https://torn.netgangster.com/Targets.html
234429,Dragon_Reborn,27,481,117,69,173,111,481,,2,Baldr's List 1 | Net Gangster Legacy List 1,1,,false,470 | 481,470 [Net Gangster Legacy List 1]; 481 [Compiled input],https://www.torn.com/profiles.php?XID=234429,https://www.torn.com/loader.php?sid=attack&user2ID=234429,https://github.com/OranWeb/tc-baldrs-levelling-list/blob/master/data.json | https://torn.netgangster.com/Targets.html
428732,Sachmo,27,580,289,86,114,91,580,,2,Baldr's List 1 | Net Gangster Legacy List 5,5,,false,,580 [Compiled input + Net Gangster Legacy List 5],https://www.torn.com/profiles.php?XID=428732,https://www.torn.com/loader.php?sid=attack&user2ID=428732,https://github.com/OranWeb/tc-baldrs-levelling-list/blob/master/data.json | https://torn.netgangster.com/Targets.html
18798,tapper85,27,582,305,179,47,51,582,,2,Baldr's List 1 | Net Gangster Legacy List 6,6,,false,,582 [Compiled input + Net Gangster Legacy List 6],https://www.torn.com/profiles.php?XID=18798,https://www.torn.com/loader.php?sid=attack&user2ID=18798,https://github.com/OranWeb/tc-baldrs-levelling-list/blob/master/data.json | https://torn.netgangster.com/Targets.html
,hypermegmeg,27,2690,,,,,,1225,1,Just Another Hitlist,,"1,000-10,000",false,,2690 [Just Another Hitlist],https://www.torn.com/profiles.php?NID=hypermegmeg,,https://www.torn.com/forums.php#/p=threads&f=61&t=16280317&b=0&a=0
,Becca1505,27,7000,,,,,,1347,1,Just Another Hitlist,,"1,000-10,000",false,,7000 [Just Another Hitlist],https://www.torn.com/profiles.php?NID=Becca1505,,https://www.torn.com/forums.php#/p=threads&f=61&t=16280317&b=0&a=0
,opcouger,27,23300,,,,,,1225,1,Just Another Hitlist,,"10,000-100,000",false,,23300 [Just Another Hitlist],https://www.torn.com/profiles.php?NID=opcouger,,https://www.torn.com/forums.php#/p=threads&f=61&t=16280317&b=0&a=0
,rowej,27,40000,,,,,,1225,1,Just Another Hitlist,,"10,000-100,000",false,,40000 [Just Another Hitlist],https://www.torn.com/profiles.php?NID=rowej,,https://www.torn.com/forums.php#/p=threads&f=61&t=16280317&b=0&a=0
,_Loki_,27,50000,,,,,,1653,1,Just Another Hitlist,,"10,000-100,000",false,,50000 [Just Another Hitlist],https://www.torn.com/profiles.php?NID=_Loki_,,https://www.torn.com/forums.php#/p=threads&f=61&t=16280317&b=0&a=0
,lizuan,27,58000,,,,,,1225,1,Just Another Hitlist,,"10,000-100,000",false,,58000 [Just Another Hitlist],https://www.torn.com/profiles.php?NID=lizuan,,https://www.torn.com/forums.php#/p=threads&f=61&t=16280317&b=0&a=0
,ladyl06998,27,61000,,,,,,1470,1,Just Another Hitlist,,"10,000-100,000",false,,61000 [Just Another Hitlist],https://www.torn.com/profiles.php?NID=ladyl06998,,https://www.torn.com/forums.php#/p=threads&f=61&t=16280317&b=0&a=0
,Blackbon3,27,97000,,,,,,1225,1,Just Another Hitlist,,"10,000-100,000",false,,97000 [Just Another Hitlist],https://www.torn.com/profiles.php?NID=Blackbon3,,https://www.torn.com/forums.php#/p=threads&f=61&t=16280317&b=0&a=0
802556,-FB-streety23,27,,,,,,,,1,Net Gangster Legacy List 5,5,,false,,,https://www.torn.com/profiles.php?XID=802556,https://www.torn.com/loader.php?sid=attack&user2ID=802556,https://torn.netgangster.com/Targets.html
314257,314257,27,,,,,,,,1,Net Gangster Legacy List 6,6,,false,,,https://www.torn.com/profiles.php?XID=314257,https://www.torn.com/loader.php?sid=attack&user2ID=314257,https://torn.netgangster.com/Targets.html
685278,Asengoth,27,,,,,,,,1,Net Gangster Legacy List 7,7,,false,,,https://www.torn.com/profiles.php?XID=685278,https://www.torn.com/loader.php?sid=attack&user2ID=685278,https://torn.netgangster.com/Targets.html
120868,assain,27,,,,,,,,1,Net Gangster Legacy List 8,8,,false,,,https://www.torn.com/profiles.php?XID=120868,https://www.torn.com/loader.php?sid=attack&user2ID=120868,https://torn.netgangster.com/Targets.html
633615,atalon1,27,,,,,,,,1,Net Gangster Legacy List 9,9,,false,,,https://www.torn.com/profiles.php?XID=633615,https://www.torn.com/loader.php?sid=attack&user2ID=633615,https://torn.netgangster.com/Targets.html
28102,Bhaal,27,,,,,,,,1,Net Gangster Legacy List 11,11,,false,,,https://www.torn.com/profiles.php?XID=28102,https://www.torn.com/loader.php?sid=attack&user2ID=28102,https://torn.netgangster.com/Targets.html
455991,brobech,27,,,,,,,,1,Net Gangster Legacy List 12,12,,false,,,https://www.torn.com/profiles.php?XID=455991,https://www.torn.com/loader.php?sid=attack&user2ID=455991,https://torn.netgangster.com/Targets.html
190120,d_beachboyz,27,,,,,,,,1,Net Gangster Legacy List 13,13,,false,,,https://www.torn.com/profiles.php?XID=190120,https://www.torn.com/loader.php?sid=attack&user2ID=190120,https://torn.netgangster.com/Targets.html
185535,EVO-X,27,,,,,,,,1,Net Gangster Legacy List 2,2,,false,,,https://www.torn.com/profiles.php?XID=185535,https://www.torn.com/loader.php?sid=attack&user2ID=185535,https://torn.netgangster.com/Targets.html
464810,Heartlessx,27,,,,,,,,1,Net Gangster Legacy List 3,3,,false,,,https://www.torn.com/profiles.php?XID=464810,https://www.torn.com/loader.php?sid=attack&user2ID=464810,https://torn.netgangster.com/Targets.html
476620,james2503,26,129,68,11,34,16,129,,2,Baldr's List 1 | Net Gangster Legacy List 10,10,,false,,129 [Compiled input + Net Gangster Legacy List 10],https://www.torn.com/profiles.php?XID=476620,https://www.torn.com/loader.php?sid=attack&user2ID=476620,https://github.com/OranWeb/tc-baldrs-levelling-list/blob/master/data.json | https://torn.netgangster.com/Targets.html
472351,iBennett,26,131,31,54,21,25,131,,2,Baldr's List 1 | Net Gangster Legacy List 8,8,,false,,131 [Compiled input + Net Gangster Legacy List 8],https://www.torn.com/profiles.php?XID=472351,https://www.torn.com/loader.php?sid=attack&user2ID=472351,https://github.com/OranWeb/tc-baldrs-levelling-list/blob/master/data.json | https://torn.netgangster.com/Targets.html
807823,wilash,26,134,65,14,31,24,134,,2,Baldr's List 1 | Net Gangster Legacy List 4,4,,false,,134 [Compiled input + Net Gangster Legacy List 4],https://www.torn.com/profiles.php?XID=807823,https://www.torn.com/loader.php?sid=attack&user2ID=807823,https://github.com/OranWeb/tc-baldrs-levelling-list/blob/master/data.json | https://torn.netgangster.com/Targets.html
1379450,nathwin,26,249,60,62,66,61,249,,2,Baldr's List 1 | Net Gangster Legacy List 12,12,,false,,249 [Compiled input + Net Gangster Legacy List 12],https://www.torn.com/profiles.php?XID=1379450,https://www.torn.com/loader.php?sid=attack&user2ID=1379450,https://github.com/OranWeb/tc-baldrs-levelling-list/blob/master/data.json | https://torn.netgangster.com/Targets.html
796316,raysil,26,314,158,13,116,27,314,,2,Baldr's List 1 | Net Gangster Legacy List 13,13,,false,,314 [Compiled input + Net Gangster Legacy List 13],https://www.torn.com/profiles.php?XID=796316,https://www.torn.com/loader.php?sid=attack&user2ID=796316,https://github.com/OranWeb/tc-baldrs-levelling-list/blob/master/data.json | https://torn.netgangster.com/Targets.html
316768,ilekilluall8,26,335,139,33,130,33,335,,2,Baldr's List 1 | Net Gangster Legacy List 9,9,,false,,335 [Compiled input + Net Gangster Legacy List 9],https://www.torn.com/profiles.php?XID=316768,https://www.torn.com/loader.php?sid=attack&user2ID=316768,https://github.com/OranWeb/tc-baldrs-levelling-list/blob/master/data.json | https://torn.netgangster.com/Targets.html
153910,soldierx,26,356,97,56,140,57,356,,2,Baldr's List 1 | Net Gangster Legacy List 1,1,,false,350 | 356,350 [Net Gangster Legacy List 1]; 356 [Compiled input],https://www.torn.com/profiles.php?XID=153910,https://www.torn.com/loader.php?sid=attack&user2ID=153910,https://github.com/OranWeb/tc-baldrs-levelling-list/blob/master/data.json | https://torn.netgangster.com/Targets.html
76096,DevilsBlood,26,371,240,57,29,45,371,,2,Baldr's List 1 | Net Gangster Legacy List 5,5,,false,,371 [Compiled input + Net Gangster Legacy List 5],https://www.torn.com/profiles.php?XID=76096,https://www.torn.com/loader.php?sid=attack&user2ID=76096,https://github.com/OranWeb/tc-baldrs-levelling-list/blob/master/data.json | https://torn.netgangster.com/Targets.html
659852,mikeycallin1,26,415,128,82,118,87,415,,2,Baldr's List 1 | Net Gangster Legacy List 11,11,,false,,415 [Compiled input + Net Gangster Legacy List 11],https://www.torn.com/profiles.php?XID=659852,https://www.torn.com/loader.php?sid=attack&user2ID=659852,https://github.com/OranWeb/tc-baldrs-levelling-list/blob/master/data.json | https://torn.netgangster.com/Targets.html
738073,warriorscode,26,445,112,141,114,78,445,,2,Baldr's List 1 | Net Gangster Legacy List 2,2,,false,,445 [Compiled input + Net Gangster Legacy List 2],https://www.torn.com/profiles.php?XID=738073,https://www.torn.com/loader.php?sid=attack&user2ID=738073,https://github.com/OranWeb/tc-baldrs-levelling-list/blob/master/data.json | https://torn.netgangster.com/Targets.html
284536,whiteshadow,26,509,135,114,142,118,509,,2,Baldr's List 1 | Net Gangster Legacy List 3,3,,false,,509 [Compiled input + Net Gangster Legacy List 3],https://www.torn.com/profiles.php?XID=284536,https://www.torn.com/loader.php?sid=attack&user2ID=284536,https://github.com/OranWeb/tc-baldrs-levelling-list/blob/master/data.json | https://torn.netgangster.com/Targets.html
263120,halfblood93,26,805,206,123,371,105,805,,2,Baldr's List 1 | Net Gangster Legacy List 7,7,,false,,805 [Compiled input + Net Gangster Legacy List 7],https://www.torn.com/profiles.php?XID=263120,https://www.torn.com/loader.php?sid=attack&user2ID=263120,https://github.com/OranWeb/tc-baldrs-levelling-list/blob/master/data.json | https://torn.netgangster.com/Targets.html
729174,fortunecookie,26,897,305,199,186,207,897,,2,Baldr's List 1 | Net Gangster Legacy List 6,6,,false,,897 [Compiled input + Net Gangster Legacy List 6],https://www.torn.com/profiles.php?XID=729174,https://www.torn.com/loader.php?sid=attack&user2ID=729174,https://github.com/OranWeb/tc-baldrs-levelling-list/blob/master/data.json | https://torn.netgangster.com/Targets.html
,PIMPJUICE,26,24500,,,,,,1175,1,Just Another Hitlist,,"10,000-100,000",false,,24500 [Just Another Hitlist],https://www.torn.com/profiles.php?NID=PIMPJUICE,,https://www.torn.com/forums.php#/p=threads&f=61&t=16280317&b=0&a=0
,kumang,26,27500,,,,,,1175,1,Just Another Hitlist,,"10,000-100,000",false,,27500 [Just Another Hitlist],https://www.torn.com/profiles.php?NID=kumang,,https://www.torn.com/forums.php#/p=threads&f=61&t=16280317&b=0&a=0
,ky0ya_hIbarI,26,32000,,,,,,1175,1,Just Another Hitlist,,"10,000-100,000",false,,32000 [Just Another Hitlist],https://www.torn.com/profiles.php?NID=ky0ya_hIbarI,,https://www.torn.com/forums.php#/p=threads&f=61&t=16280317&b=0&a=0
,-Redemption-,26,48000,,,,,,1175,1,Just Another Hitlist,,"10,000-100,000",false,,48000 [Just Another Hitlist],https://www.torn.com/profiles.php?NID=-Redemption-,,https://www.torn.com/forums.php#/p=threads&f=61&t=16280317&b=0&a=0
,useyou,26,52000,,,,,,1351,1,Just Another Hitlist,,"10,000-100,000",false,,52000 [Just Another Hitlist],https://www.torn.com/profiles.php?NID=useyou,,https://www.torn.com/forums.php#/p=threads&f=61&t=16280317&b=0&a=0
571371,Aragorn145,26,,,,,,,,1,Net Gangster Legacy List 4,4,,false,,,https://www.torn.com/profiles.php?XID=571371,https://www.torn.com/loader.php?sid=attack&user2ID=571371,https://torn.netgangster.com/Targets.html
1489357,Aceraven,25,221,60,61,55,45,221,,2,Baldr's List 1 | Net Gangster Legacy List 11,11,,false,,221 [Compiled input + Net Gangster Legacy List 11],https://www.torn.com/profiles.php?XID=1489357,https://www.torn.com/loader.php?sid=attack&user2ID=1489357,https://github.com/OranWeb/tc-baldrs-levelling-list/blob/master/data.json | https://torn.netgangster.com/Targets.html
669996,Boylinger,25,264,95,42,78,49,264,,2,Baldr's List 1 | Net Gangster Legacy List 13,13,,false,,264 [Compiled input + Net Gangster Legacy List 13],https://www.torn.com/profiles.php?XID=669996,https://www.torn.com/loader.php?sid=attack&user2ID=669996,https://github.com/OranWeb/tc-baldrs-levelling-list/blob/master/data.json | https://torn.netgangster.com/Targets.html
191060,nemesis2000,25,294,143,29,90,32,294,,2,Baldr's List 1 | Net Gangster Legacy List 11,11,,false,,294 [Compiled input + Net Gangster Legacy List 11],https://www.torn.com/profiles.php?XID=191060,https://www.torn.com/loader.php?sid=attack&user2ID=191060,https://github.com/OranWeb/tc-baldrs-levelling-list/blob/master/data.json | https://torn.netgangster.com/Targets.html
454302,heva07,25,333,50,136,35,112,333,,2,Baldr's List 1 | Net Gangster Legacy List 6,6,,false,,333 [Compiled input + Net Gangster Legacy List 6],https://www.torn.com/profiles.php?XID=454302,https://www.torn.com/loader.php?sid=attack&user2ID=454302,https://github.com/OranWeb/tc-baldrs-levelling-list/blob/master/data.json | https://torn.netgangster.com/Targets.html
1199189,Bob_the_butler,25,423,100,101,110,112,423,,2,Baldr's List 1 | Net Gangster Legacy List 11,11,,false,,423 [Compiled input + Net Gangster Legacy List 11],https://www.torn.com/profiles.php?XID=1199189,https://www.torn.com/loader.php?sid=attack&user2ID=1199189,https://github.com/OranWeb/tc-baldrs-levelling-list/blob/master/data.json | https://torn.netgangster.com/Targets.html
485156,ckirklin,25,453,195,76,111,71,453,,2,Baldr's List 1 | Net Gangster Legacy List 5,5,,false,,453 [Compiled input + Net Gangster Legacy List 5],https://www.torn.com/profiles.php?XID=485156,https://www.torn.com/loader.php?sid=attack&user2ID=485156,https://github.com/OranWeb/tc-baldrs-levelling-list/blob/master/data.json | https://torn.netgangster.com/Targets.html
1399310,theking99218,25,468,96,164,95,113,468,,2,Baldr's List 1 | Net Gangster Legacy List 2,2,,false,,468 [Compiled input + Net Gangster Legacy List 2],https://www.torn.com/profiles.php?XID=1399310,https://www.torn.com/loader.php?sid=attack&user2ID=1399310,https://github.com/OranWeb/tc-baldrs-levelling-list/blob/master/data.json | https://torn.netgangster.com/Targets.html
581300,srfshannon,25,475,119,118,119,119,475,,2,Baldr's List 1 | Net Gangster Legacy List 13,13,,false,,475 [Compiled input + Net Gangster Legacy List 13],https://www.torn.com/profiles.php?XID=581300,https://www.torn.com/loader.php?sid=attack&user2ID=581300,https://github.com/OranWeb/tc-baldrs-levelling-list/blob/master/data.json | https://torn.netgangster.com/Targets.html
211286,andre_xavier,25,561,199,149,109,104,561,,2,Baldr's List 1 | Net Gangster Legacy List 4,4,,false,,561 [Compiled input + Net Gangster Legacy List 4],https://www.torn.com/profiles.php?XID=211286,https://www.torn.com/loader.php?sid=attack&user2ID=211286,https://github.com/OranWeb/tc-baldrs-levelling-list/blob/master/data.json | https://torn.netgangster.com/Targets.html
469582,CasterZ,25,622,123,77,228,194,622,,2,Baldr's List 1 | Net Gangster Legacy List 2,2,,false,,622 [Compiled input + Net Gangster Legacy List 2],https://www.torn.com/profiles.php?XID=469582,https://www.torn.com/loader.php?sid=attack&user2ID=469582,https://github.com/OranWeb/tc-baldrs-levelling-list/blob/master/data.json | https://torn.netgangster.com/Targets.html
652354,-Diablo-,25,640,213,107,199,121,640,,2,Baldr's List 1 | Net Gangster Legacy List 9,9,,false,,640 [Compiled input + Net Gangster Legacy List 9],https://www.torn.com/profiles.php?XID=652354,https://www.torn.com/loader.php?sid=attack&user2ID=652354,https://github.com/OranWeb/tc-baldrs-levelling-list/blob/master/data.json | https://torn.netgangster.com/Targets.html
781161,xZULUx,25,648,152,147,198,151,648,,2,Baldr's List 1 | Net Gangster Legacy List 3,3,,false,,648 [Compiled input + Net Gangster Legacy List 3],https://www.torn.com/profiles.php?XID=781161,https://www.torn.com/loader.php?sid=attack&user2ID=781161,https://github.com/OranWeb/tc-baldrs-levelling-list/blob/master/data.json | https://torn.netgangster.com/Targets.html
491724,indo,25,716,285,60,144,227,716,,2,Baldr's List 1 | Net Gangster Legacy List 7,7,,false,,716 [Compiled input + Net Gangster Legacy List 7],https://www.torn.com/profiles.php?XID=491724,https://www.torn.com/loader.php?sid=attack&user2ID=491724,https://github.com/OranWeb/tc-baldrs-levelling-list/blob/master/data.json | https://torn.netgangster.com/Targets.html
233040,kracker65,25,719,299,37,131,252,719,,2,Baldr's List 1 | Net Gangster Legacy List 8,8,,false,,719 [Compiled input + Net Gangster Legacy List 8],https://www.torn.com/profiles.php?XID=233040,https://www.torn.com/loader.php?sid=attack&user2ID=233040,https://github.com/OranWeb/tc-baldrs-levelling-list/blob/master/data.json | https://torn.netgangster.com/Targets.html
688148,terrence_taylor,25,824,347,109,204,164,824,,2,Baldr's List 1 | Net Gangster Legacy List 1,1,,false,,824 [Compiled input + Net Gangster Legacy List 1],https://www.torn.com/profiles.php?XID=688148,https://www.torn.com/loader.php?sid=attack&user2ID=688148,https://github.com/OranWeb/tc-baldrs-levelling-list/blob/master/data.json | https://torn.netgangster.com/Targets.html
442427,Man-u-4-Life,25,846,439,27,366,14,846,,2,Baldr's List 1 | Net Gangster Legacy List 9,9,,false,,846 [Compiled input + Net Gangster Legacy List 9],https://www.torn.com/profiles.php?XID=442427,https://www.torn.com/loader.php?sid=attack&user2ID=442427,https://github.com/OranWeb/tc-baldrs-levelling-list/blob/master/data.json | https://torn.netgangster.com/Targets.html
588113,Morphine2man,25,916,364,165,215,172,916,,2,Baldr's List 1 | Net Gangster Legacy List 10,10,,false,,916 [Compiled input + Net Gangster Legacy List 10],https://www.torn.com/profiles.php?XID=588113,https://www.torn.com/loader.php?sid=attack&user2ID=588113,https://github.com/OranWeb/tc-baldrs-levelling-list/blob/master/data.json | https://torn.netgangster.com/Targets.html
669588,PRlNCE,25,970,56,10,293,611,970,,2,Baldr's List 1 | Net Gangster Legacy List 12,12,,false,,970 [Compiled input + Net Gangster Legacy List 12],https://www.torn.com/profiles.php?XID=669588,https://www.torn.com/loader.php?sid=attack&user2ID=669588,https://github.com/OranWeb/tc-baldrs-levelling-list/blob/master/data.json | https://torn.netgangster.com/Targets.html
824198,DiddlesHimself,25,5000,,,,,5000,,1,Net Gangster Legacy List 1,1,,false,,5000 [Compiled input],https://www.torn.com/profiles.php?XID=824198,https://www.torn.com/loader.php?sid=attack&user2ID=824198,https://torn.netgangster.com/Targets.html
1368528,haikal,25,6000,,,,,6000,,1,Net Gangster Legacy List 1,1,,false,,6000 [Compiled input],https://www.torn.com/profiles.php?XID=1368528,https://www.torn.com/loader.php?sid=attack&user2ID=1368528,https://torn.netgangster.com/Targets.html
492255,CanadianKush,25,12100,,,,,12100,,1,Net Gangster Legacy List 1,1,,false,,12100 [Compiled input],https://www.torn.com/profiles.php?XID=492255,https://www.torn.com/loader.php?sid=attack&user2ID=492255,https://torn.netgangster.com/Targets.html
,twister63,25,12900,,,,,,1181,1,Just Another Hitlist,,"10,000-100,000",false,,12900 [Just Another Hitlist],https://www.torn.com/profiles.php?NID=twister63,,https://www.torn.com/forums.php#/p=threads&f=61&t=16280317&b=0&a=0
,R0cknR0lla,25,16700,,,,,,1181,1,Just Another Hitlist,,"10,000-100,000",false,,16700 [Just Another Hitlist],https://www.torn.com/profiles.php?NID=R0cknR0lla,,https://www.torn.com/forums.php#/p=threads&f=61&t=16280317&b=0&a=0
,amy_gray,25,17000,,,,,,1125,1,Just Another Hitlist,,"10,000-100,000",false,,17000 [Just Another Hitlist],https://www.torn.com/profiles.php?NID=amy_gray,,https://www.torn.com/forums.php#/p=threads&f=61&t=16280317&b=0&a=0
527437,chapman317,25,19000,,,,,,1181,2,Just Another Hitlist | Net Gangster Legacy List 3,3,"10,000-100,000",false,,19000 [Just Another Hitlist],https://www.torn.com/profiles.php?XID=527437,https://www.torn.com/loader.php?sid=attack&user2ID=527437,https://torn.netgangster.com/Targets.html | https://www.torn.com/forums.php#/p=threads&f=61&t=16280317&b=0&a=0
1443837,ALFplay,25,20200,,,,,20200,,1,Net Gangster Legacy List 1,1,,false,,20200 [Compiled input],https://www.torn.com/profiles.php?XID=1443837,https://www.torn.com/loader.php?sid=attack&user2ID=1443837,https://torn.netgangster.com/Targets.html
,-iNnoCenTx,25,22100,,,,,,1125,1,Just Another Hitlist,,"10,000-100,000",false,,22100 [Just Another Hitlist],https://www.torn.com/profiles.php?NID=-iNnoCenTx,,https://www.torn.com/forums.php#/p=threads&f=61&t=16280317&b=0&a=0
,EmoKitten192,25,39000,,,,,,1406,1,Just Another Hitlist,,"10,000-100,000",false,,39000 [Just Another Hitlist],https://www.torn.com/profiles.php?NID=EmoKitten192,,https://www.torn.com/forums.php#/p=threads&f=61&t=16280317&b=0&a=0
,Weavr,25,45000,,,,,,1125,1,Just Another Hitlist,,"10,000-100,000",false,,45000 [Just Another Hitlist],https://www.torn.com/profiles.php?NID=Weavr,,https://www.torn.com/forums.php#/p=threads&f=61&t=16280317&b=0&a=0
,Pahal,25,59000,,,,,,1125,1,Just Another Hitlist,,"10,000-100,000",false,,59000 [Just Another Hitlist],https://www.torn.com/profiles.php?NID=Pahal,,https://www.torn.com/forums.php#/p=threads&f=61&t=16280317&b=0&a=0
,lhscheer2007,25,74000,,,,,,1125,1,Just Another Hitlist,,"10,000-100,000",false,,74000 [Just Another Hitlist],https://www.torn.com/profiles.php?NID=lhscheer2007,,https://www.torn.com/forums.php#/p=threads&f=61&t=16280317&b=0&a=0
,jzhtun,25,84000,,,,,,1125,1,Just Another Hitlist,,"10,000-100,000",false,,84000 [Just Another Hitlist],https://www.torn.com/profiles.php?NID=jzhtun,,https://www.torn.com/forums.php#/p=threads&f=61&t=16280317&b=0&a=0
497872,-BC-Home_Slice,25,,,,,,,,1,Net Gangster Legacy List 7,7,,false,,,https://www.torn.com/profiles.php?XID=497872,https://www.torn.com/loader.php?sid=attack&user2ID=497872,https://torn.netgangster.com/Targets.html
463586,-BC-monkey_joe1,25,,,,,,,,1,Net Gangster Legacy List 8,8,,false,,,https://www.torn.com/profiles.php?XID=463586,https://www.torn.com/loader.php?sid=attack&user2ID=463586,https://torn.netgangster.com/Targets.html
1159381,-miriam-,25,,,,,,,,1,Net Gangster Legacy List 10,10,,false,,,https://www.torn.com/profiles.php?XID=1159381,https://www.torn.com/loader.php?sid=attack&user2ID=1159381,https://torn.netgangster.com/Targets.html
748390,Al-qassam,25,,,,,,,,1,Net Gangster Legacy List 12,12,,false,,,https://www.torn.com/profiles.php?XID=748390,https://www.torn.com/loader.php?sid=attack&user2ID=748390,https://torn.netgangster.com/Targets.html
1082453,alcapone899,25,,,,,,,,1,Net Gangster Legacy List 13,13,,false,,,https://www.torn.com/profiles.php?XID=1082453,https://www.torn.com/loader.php?sid=attack&user2ID=1082453,https://torn.netgangster.com/Targets.html
670049,alria,25,,,,,,,,1,Net Gangster Legacy List 2,2,,false,,,https://www.torn.com/profiles.php?XID=670049,https://www.torn.com/loader.php?sid=attack&user2ID=670049,https://torn.netgangster.com/Targets.html
1537495,AmphM3,25,,,,,,,,1,Net Gangster Legacy List 3,3,,false,,,https://www.torn.com/profiles.php?XID=1537495,https://www.torn.com/loader.php?sid=attack&user2ID=1537495,https://torn.netgangster.com/Targets.html
711660,applexster,25,,,,,,,,1,Net Gangster Legacy List 5,5,,false,,,https://www.torn.com/profiles.php?XID=711660,https://www.torn.com/loader.php?sid=attack&user2ID=711660,https://torn.netgangster.com/Targets.html
902361,Arkham,25,,,,,,,,1,Net Gangster Legacy List 6,6,,false,,,https://www.torn.com/profiles.php?XID=902361,https://www.torn.com/loader.php?sid=attack&user2ID=902361,https://torn.netgangster.com/Targets.html
975896,Azmodeus,25,,,,,,,,1,Net Gangster Legacy List 7,7,,false,,,https://www.torn.com/profiles.php?XID=975896,https://www.torn.com/loader.php?sid=attack&user2ID=975896,https://torn.netgangster.com/Targets.html
965274,Aztus,25,,,,,,,,1,Net Gangster Legacy List 8,8,,false,,,https://www.torn.com/profiles.php?XID=965274,https://www.torn.com/loader.php?sid=attack&user2ID=965274,https://torn.netgangster.com/Targets.html
382338,babytaz1987,25,,,,,,,,1,Net Gangster Legacy List 9,9,,false,,,https://www.torn.com/profiles.php?XID=382338,https://www.torn.com/loader.php?sid=attack&user2ID=382338,https://torn.netgangster.com/Targets.html
1039621,bhote,25,,,,,,,,1,Net Gangster Legacy List 10,10,,false,,,https://www.torn.com/profiles.php?XID=1039621,https://www.torn.com/loader.php?sid=attack&user2ID=1039621,https://torn.netgangster.com/Targets.html
589031,bobey3,25,,,,,,,,1,Net Gangster Legacy List 12,12,,false,,,https://www.torn.com/profiles.php?XID=589031,https://www.torn.com/loader.php?sid=attack&user2ID=589031,https://torn.netgangster.com/Targets.html
768356,Chrissy_M_,25,,,,,,,,1,Net Gangster Legacy List 4,4,,false,,,https://www.torn.com/profiles.php?XID=768356,https://www.torn.com/loader.php?sid=attack&user2ID=768356,https://torn.netgangster.com/Targets.html
520008,co2k4,25,,,,,,,,1,Net Gangster Legacy List 6,6,,false,,,https://www.torn.com/profiles.php?XID=520008,https://www.torn.com/loader.php?sid=attack&user2ID=520008,https://torn.netgangster.com/Targets.html
578558,corbs92,25,,,,,,,,1,Net Gangster Legacy List 7,7,,false,,,https://www.torn.com/profiles.php?XID=578558,https://www.torn.com/loader.php?sid=attack&user2ID=578558,https://torn.netgangster.com/Targets.html
498180,Cudda_1480,25,,,,,,,,1,Net Gangster Legacy List 8,8,,false,,,https://www.torn.com/profiles.php?XID=498180,https://www.torn.com/loader.php?sid=attack&user2ID=498180,https://torn.netgangster.com/Targets.html
557812,CypriotWarrior,25,,,,,,,,1,Net Gangster Legacy List 9,9,,false,,,https://www.torn.com/profiles.php?XID=557812,https://www.torn.com/loader.php?sid=attack&user2ID=557812,https://torn.netgangster.com/Targets.html
281747,dark_fart,25,,,,,,,,1,Net Gangster Legacy List 10,10,,false,,,https://www.torn.com/profiles.php?XID=281747,https://www.torn.com/loader.php?sid=attack&user2ID=281747,https://torn.netgangster.com/Targets.html
900561,DeDee,25,,,,,,,,1,Net Gangster Legacy List 11,11,,false,,,https://www.torn.com/profiles.php?XID=900561,https://www.torn.com/loader.php?sid=attack&user2ID=900561,https://torn.netgangster.com/Targets.html
865385,dethbabe,25,,,,,,,,1,Net Gangster Legacy List 12,12,,false,,,https://www.torn.com/profiles.php?XID=865385,https://www.torn.com/loader.php?sid=attack&user2ID=865385,https://torn.netgangster.com/Targets.html
111800,Dezla,25,,,,,,,,1,Net Gangster Legacy List 13,13,,false,,,https://www.torn.com/profiles.php?XID=111800,https://www.torn.com/loader.php?sid=attack&user2ID=111800,https://torn.netgangster.com/Targets.html
386818,dnick493,25,,,,,,,,1,Net Gangster Legacy List 2,2,,false,,,https://www.torn.com/profiles.php?XID=386818,https://www.torn.com/loader.php?sid=attack&user2ID=386818,https://torn.netgangster.com/Targets.html
555262,E2-Gangsta-007,25,,,,,,,,1,Net Gangster Legacy List 3,3,,false,,,https://www.torn.com/profiles.php?XID=555262,https://www.torn.com/loader.php?sid=attack&user2ID=555262,https://torn.netgangster.com/Targets.html
932892,EndlessHaze,25,,,,,,,,1,Net Gangster Legacy List 4,4,,false,,,https://www.torn.com/profiles.php?XID=932892,https://www.torn.com/loader.php?sid=attack&user2ID=932892,https://torn.netgangster.com/Targets.html
463919,Excelin,25,,,,,,,,1,Net Gangster Legacy List 5,5,,false,,,https://www.torn.com/profiles.php?XID=463919,https://www.torn.com/loader.php?sid=attack&user2ID=463919,https://torn.netgangster.com/Targets.html
4980,Finnishboy,25,,,,,,,,1,Net Gangster Legacy List 6,6,,false,,,https://www.torn.com/profiles.php?XID=4980,https://www.torn.com/loader.php?sid=attack&user2ID=4980,https://torn.netgangster.com/Targets.html
614750,franinator,25,,,,,,,,1,Net Gangster Legacy List 7,7,,false,,,https://www.torn.com/profiles.php?XID=614750,https://www.torn.com/loader.php?sid=attack&user2ID=614750,https://torn.netgangster.com/Targets.html
748608,FREQUENCY,25,,,,,,,,1,Net Gangster Legacy List 8,8,,false,,,https://www.torn.com/profiles.php?XID=748608,https://www.torn.com/loader.php?sid=attack&user2ID=748608,https://torn.netgangster.com/Targets.html
760737,fuglette,25,,,,,,,,1,Net Gangster Legacy List 9,9,,false,,,https://www.torn.com/profiles.php?XID=760737,https://www.torn.com/loader.php?sid=attack&user2ID=760737,https://torn.netgangster.com/Targets.html
1362214,Furamax,25,,,,,,,,1,Net Gangster Legacy List 10,10,,false,,,https://www.torn.com/profiles.php?XID=1362214,https://www.torn.com/loader.php?sid=attack&user2ID=1362214,https://torn.netgangster.com/Targets.html
1259362,General_Patton,25,,,,,,,,1,Net Gangster Legacy List 11,11,,false,,,https://www.torn.com/profiles.php?XID=1259362,https://www.torn.com/loader.php?sid=attack&user2ID=1259362,https://torn.netgangster.com/Targets.html
567293,Gh0sT120,25,,,,,,,,1,Net Gangster Legacy List 12,12,,false,,,https://www.torn.com/profiles.php?XID=567293,https://www.torn.com/loader.php?sid=attack&user2ID=567293,https://torn.netgangster.com/Targets.html
1020179,ginge121,25,,,,,,,,1,Net Gangster Legacy List 13,13,,false,,,https://www.torn.com/profiles.php?XID=1020179,https://www.torn.com/loader.php?sid=attack&user2ID=1020179,https://torn.netgangster.com/Targets.html
602869,Harp,25,,,,,,,,1,Net Gangster Legacy List 2,2,,false,,,https://www.torn.com/profiles.php?XID=602869,https://www.torn.com/loader.php?sid=attack&user2ID=602869,https://torn.netgangster.com/Targets.html
536940,hartay,25,,,,,,,,1,Net Gangster Legacy List 3,3,,false,,,https://www.torn.com/profiles.php?XID=536940,https://www.torn.com/loader.php?sid=attack&user2ID=536940,https://torn.netgangster.com/Targets.html
1565523,Hawk000,25,,,,,,,,1,Net Gangster Legacy List 4,4,,false,,,https://www.torn.com/profiles.php?XID=1565523,https://www.torn.com/loader.php?sid=attack&user2ID=1565523,https://torn.netgangster.com/Targets.html
892352,he_is_a_bot,25,,,,,,,,1,Net Gangster Legacy List 5,5,,false,,,https://www.torn.com/profiles.php?XID=892352,https://www.torn.com/loader.php?sid=attack&user2ID=892352,https://torn.netgangster.com/Targets.html
1265642,agreaves,24,90,34,28,13,15,90,,2,Baldr's List 2 | Net Gangster Legacy List 8,8,,false,,90 [Compiled input + Net Gangster Legacy List 8],https://www.torn.com/profiles.php?XID=1265642,https://www.torn.com/loader.php?sid=attack&user2ID=1265642,https://github.com/OranWeb/tc-baldrs-levelling-list/blob/master/data.json | https://torn.netgangster.com/Targets.html
861978,killatrone_4000,24,155,17,22,83,33,155,,2,Baldr's List 2 | Net Gangster Legacy List 1,1,,false,,155 [Compiled input + Net Gangster Legacy List 1],https://www.torn.com/profiles.php?XID=861978,https://www.torn.com/loader.php?sid=attack&user2ID=861978,https://github.com/OranWeb/tc-baldrs-levelling-list/blob/master/data.json | https://torn.netgangster.com/Targets.html
993561,natashamarie,24,177,82,21,51,23,177,,2,Baldr's List 2 | Net Gangster Legacy List 9,9,,false,,177 [Compiled input + Net Gangster Legacy List 9],https://www.torn.com/profiles.php?XID=993561,https://www.torn.com/loader.php?sid=attack&user2ID=993561,https://github.com/OranWeb/tc-baldrs-levelling-list/blob/master/data.json | https://torn.netgangster.com/Targets.html
475911,lordzenn,24,197,37,134,11,15,197,,2,Baldr's List 2 | Net Gangster Legacy List 5,5,,false,,197 [Compiled input + Net Gangster Legacy List 5],https://www.torn.com/profiles.php?XID=475911,https://www.torn.com/loader.php?sid=attack&user2ID=475911,https://github.com/OranWeb/tc-baldrs-levelling-list/blob/master/data.json | https://torn.netgangster.com/Targets.html
853558,xVx-Assassin,24,207,94,29,50,34,207,,2,Baldr's List 2 | Net Gangster Legacy List 5,5,,false,,207 [Compiled input + Net Gangster Legacy List 5],https://www.torn.com/profiles.php?XID=853558,https://www.torn.com/loader.php?sid=attack&user2ID=853558,https://github.com/OranWeb/tc-baldrs-levelling-list/blob/master/data.json | https://torn.netgangster.com/Targets.html
1199867,transvaaler,24,226,46,53,60,67,226,,2,Baldr's List 2 | Net Gangster Legacy List 4,4,,false,,226 [Compiled input + Net Gangster Legacy List 4],https://www.torn.com/profiles.php?XID=1199867,https://www.torn.com/loader.php?sid=attack&user2ID=1199867,https://github.com/OranWeb/tc-baldrs-levelling-list/blob/master/data.json | https://torn.netgangster.com/Targets.html
556637,-SasukeUchiha-,24,235,122,45,25,43,235,,2,Baldr's List 2 | Net Gangster Legacy List 7,7,,false,,235 [Compiled input + Net Gangster Legacy List 7],https://www.torn.com/profiles.php?XID=556637,https://www.torn.com/loader.php?sid=attack&user2ID=556637,https://github.com/OranWeb/tc-baldrs-levelling-list/blob/master/data.json | https://torn.netgangster.com/Targets.html
318410,mroq,24,279,112,30,96,41,279,,2,Baldr's List 2 | Net Gangster Legacy List 8,8,,false,,279 [Compiled input + Net Gangster Legacy List 8],https://www.torn.com/profiles.php?XID=318410,https://www.torn.com/loader.php?sid=attack&user2ID=318410,https://github.com/OranWeb/tc-baldrs-levelling-list/blob/master/data.json | https://torn.netgangster.com/Targets.html
646007,dj95,24,285,74,55,74,82,285,,2,Baldr's List 2 | Net Gangster Legacy List 4,4,,false,,285 [Compiled input + Net Gangster Legacy List 4],https://www.torn.com/profiles.php?XID=646007,https://www.torn.com/loader.php?sid=attack&user2ID=646007,https://github.com/OranWeb/tc-baldrs-levelling-list/blob/master/data.json | https://torn.netgangster.com/Targets.html
627612,AnnabellLee,24,293,144,35,41,73,293,,2,Baldr's List 2 | Net Gangster Legacy List 9,9,,false,,293 [Compiled input + Net Gangster Legacy List 9],https://www.torn.com/profiles.php?XID=627612,https://www.torn.com/loader.php?sid=attack&user2ID=627612,https://github.com/OranWeb/tc-baldrs-levelling-list/blob/master/data.json | https://torn.netgangster.com/Targets.html
719349,DJJR,24,330,73,66,124,67,330,,2,Baldr's List 2 | Net Gangster Legacy List 5,5,,false,,330 [Compiled input + Net Gangster Legacy List 5],https://www.torn.com/profiles.php?XID=719349,https://www.torn.com/loader.php?sid=attack&user2ID=719349,https://github.com/OranWeb/tc-baldrs-levelling-list/blob/master/data.json | https://torn.netgangster.com/Targets.html
969920,jackiboi2k8,24,333,137,73,92,31,333,,2,Baldr's List 2 | Net Gangster Legacy List 11,11,,false,,333 [Compiled input + Net Gangster Legacy List 11],https://www.torn.com/profiles.php?XID=969920,https://www.torn.com/loader.php?sid=attack&user2ID=969920,https://github.com/OranWeb/tc-baldrs-levelling-list/blob/master/data.json | https://torn.netgangster.com/Targets.html
656275,JoeCool555,24,342,90,79,97,76,342,,2,Baldr's List 2 | Net Gangster Legacy List 12,12,,false,,342 [Compiled input + Net Gangster Legacy List 12],https://www.torn.com/profiles.php?XID=656275,https://www.torn.com/loader.php?sid=attack&user2ID=656275,https://github.com/OranWeb/tc-baldrs-levelling-list/blob/master/data.json | https://torn.netgangster.com/Targets.html
178235,sidmire,24,351,190,59,47,55,351,,2,Baldr's List 2 | Net Gangster Legacy List 12,12,,false,,351 [Compiled input + Net Gangster Legacy List 12],https://www.torn.com/profiles.php?XID=178235,https://www.torn.com/loader.php?sid=attack&user2ID=178235,https://github.com/OranWeb/tc-baldrs-levelling-list/blob/master/data.json | https://torn.netgangster.com/Targets.html
587991,silverwings19,24,363,62,20,122,159,363,,2,Baldr's List 2 | Net Gangster Legacy List 13,13,,false,,363 [Compiled input + Net Gangster Legacy List 13],https://www.torn.com/profiles.php?XID=587991,https://www.torn.com/loader.php?sid=attack&user2ID=587991,https://github.com/OranWeb/tc-baldrs-levelling-list/blob/master/data.json | https://torn.netgangster.com/Targets.html
586812,lowlaynsten,24,368,168,122,40,38,368,,2,Baldr's List 2 | Net Gangster Legacy List 6,6,,false,,368 [Compiled input + Net Gangster Legacy List 6],https://www.torn.com/profiles.php?XID=586812,https://www.torn.com/loader.php?sid=attack&user2ID=586812,https://github.com/OranWeb/tc-baldrs-levelling-list/blob/master/data.json | https://torn.netgangster.com/Targets.html
590277,evil-one,24,395,118,37,124,116,395,,2,Baldr's List 2 | Net Gangster Legacy List 9,9,,false,,395 [Compiled input + Net Gangster Legacy List 9],https://www.torn.com/profiles.php?XID=590277,https://www.torn.com/loader.php?sid=attack&user2ID=590277,https://github.com/OranWeb/tc-baldrs-levelling-list/blob/master/data.json | https://torn.netgangster.com/Targets.html
44940,LilPimpinjr,24,406,288,52,34,32,406,,2,Baldr's List 2 | Net Gangster Legacy List 3,3,,false,,406 [Compiled input + Net Gangster Legacy List 3],https://www.torn.com/profiles.php?XID=44940,https://www.torn.com/loader.php?sid=attack&user2ID=44940,https://github.com/OranWeb/tc-baldrs-levelling-list/blob/master/data.json | https://torn.netgangster.com/Targets.html
983314,killer133,24,411,100,101,103,107,411,,2,Baldr's List 2 | Net Gangster Legacy List 2,2,,false,,411 [Compiled input + Net Gangster Legacy List 2],https://www.torn.com/profiles.php?XID=983314,https://www.torn.com/loader.php?sid=attack&user2ID=983314,https://github.com/OranWeb/tc-baldrs-levelling-list/blob/master/data.json | https://torn.netgangster.com/Targets.html
888467,cascao,24,428,66,23,150,189,428,,2,Baldr's List 2 | Net Gangster Legacy List 12,12,,false,,428 [Compiled input + Net Gangster Legacy List 12],https://www.torn.com/profiles.php?XID=888467,https://www.torn.com/loader.php?sid=attack&user2ID=888467,https://github.com/OranWeb/tc-baldrs-levelling-list/blob/master/data.json | https://torn.netgangster.com/Targets.html
567611,xXDannyBoiiXx,24,436,112,98,77,149,436,,2,Baldr's List 2 | Net Gangster Legacy List 6,6,,false,,436 [Compiled input + Net Gangster Legacy List 6],https://www.torn.com/profiles.php?XID=567611,https://www.torn.com/loader.php?sid=attack&user2ID=567611,https://github.com/OranWeb/tc-baldrs-levelling-list/blob/master/data.json | https://torn.netgangster.com/Targets.html
1306114,artsmart020,24,442,94,113,42,193,442,,2,Baldr's List 2 | Net Gangster Legacy List 10,10,,false,,442 [Compiled input + Net Gangster Legacy List 10],https://www.torn.com/profiles.php?XID=1306114,https://www.torn.com/loader.php?sid=attack&user2ID=1306114,https://github.com/OranWeb/tc-baldrs-levelling-list/blob/master/data.json | https://torn.netgangster.com/Targets.html
1269587,Darkstar123,24,459,131,113,101,100,459,,2,Baldr's List 2 | Net Gangster Legacy List 1,1,,false,445 | 459,445 [Net Gangster Legacy List 1]; 459 [Compiled input],https://www.torn.com/profiles.php?XID=1269587,https://www.torn.com/loader.php?sid=attack&user2ID=1269587,https://github.com/OranWeb/tc-baldrs-levelling-list/blob/master/data.json | https://torn.netgangster.com/Targets.html
782249,Slim_JIM,24,521,184,120,106,111,521,,2,Baldr's List 2 | Net Gangster Legacy List 2,2,,false,,521 [Compiled input + Net Gangster Legacy List 2],https://www.torn.com/profiles.php?XID=782249,https://www.torn.com/loader.php?sid=attack&user2ID=782249,https://github.com/OranWeb/tc-baldrs-levelling-list/blob/master/data.json | https://torn.netgangster.com/Targets.html
56712,Demon_Lizzard,24,565,164,143,138,120,565,,2,Baldr's List 2 | Net Gangster Legacy List 2,2,,false,,565 [Compiled input + Net Gangster Legacy List 2],https://www.torn.com/profiles.php?XID=56712,https://www.torn.com/loader.php?sid=attack&user2ID=56712,https://github.com/OranWeb/tc-baldrs-levelling-list/blob/master/data.json | https://torn.netgangster.com/Targets.html
383473,kicks,24,621,377,95,99,50,621,,2,Baldr's List 2 | Net Gangster Legacy List 13,13,,false,,621 [Compiled input + Net Gangster Legacy List 13],https://www.torn.com/profiles.php?XID=383473,https://www.torn.com/loader.php?sid=attack&user2ID=383473,https://github.com/OranWeb/tc-baldrs-levelling-list/blob/master/data.json | https://torn.netgangster.com/Targets.html
894205,determanator,24,634,152,177,151,154,634,1128,3,Baldr's List 2 | Just Another Hitlist | Net Gangster Legacy List 3,3,"under 1,000",false,590 | 634,590 [Just Another Hitlist]; 634 [Compiled input + Net Gangster Legacy List 3],https://www.torn.com/profiles.php?XID=894205,https://www.torn.com/loader.php?sid=attack&user2ID=894205,https://github.com/OranWeb/tc-baldrs-levelling-list/blob/master/data.json | https://torn.netgangster.com/Targets.html | https://www.torn.com/forums.php#/p=threads&f=61&t=16280317&b=0&a=0
1016568,Rurouni,24,645,204,84,230,127,645,,2,Baldr's List 2 | Net Gangster Legacy List 11,11,,false,,645 [Compiled input + Net Gangster Legacy List 11],https://www.torn.com/profiles.php?XID=1016568,https://www.torn.com/loader.php?sid=attack&user2ID=1016568,https://github.com/OranWeb/tc-baldrs-levelling-list/blob/master/data.json | https://torn.netgangster.com/Targets.html
874491,Ibrahim1250,24,685,192,159,217,117,685,,2,Baldr's List 2 | Net Gangster Legacy List 10,10,,false,,685 [Compiled input + Net Gangster Legacy List 10],https://www.torn.com/profiles.php?XID=874491,https://www.torn.com/loader.php?sid=attack&user2ID=874491,https://github.com/OranWeb/tc-baldrs-levelling-list/blob/master/data.json | https://torn.netgangster.com/Targets.html
481648,CrayolaCrackers,24,694,201,214,108,171,694,,2,Baldr's List 2 | Net Gangster Legacy List 13,13,,false,,694 [Compiled input + Net Gangster Legacy List 13],https://www.torn.com/profiles.php?XID=481648,https://www.torn.com/loader.php?sid=attack&user2ID=481648,https://github.com/OranWeb/tc-baldrs-levelling-list/blob/master/data.json | https://torn.netgangster.com/Targets.html
246649,--KW--DARk,24,738,323,40,305,70,738,,2,Baldr's List 2 | Net Gangster Legacy List 6,6,,false,,738 [Compiled input + Net Gangster Legacy List 6],https://www.torn.com/profiles.php?XID=246649,https://www.torn.com/loader.php?sid=attack&user2ID=246649,https://github.com/OranWeb/tc-baldrs-levelling-list/blob/master/data.json | https://torn.netgangster.com/Targets.html
1032025,DonMc94,24,738,185,183,185,185,738,,2,Baldr's List 2 | Net Gangster Legacy List 7,7,,false,,738 [Compiled input + Net Gangster Legacy List 7],https://www.torn.com/profiles.php?XID=1032025,https://www.torn.com/loader.php?sid=attack&user2ID=1032025,https://github.com/OranWeb/tc-baldrs-levelling-list/blob/master/data.json | https://torn.netgangster.com/Targets.html
443421,loppolman,24,796,405,10,371,10,796,,2,Baldr's List 2 | Net Gangster Legacy List 4,4,,false,,796 [Compiled input + Net Gangster Legacy List 4],https://www.torn.com/profiles.php?XID=443421,https://www.torn.com/loader.php?sid=attack&user2ID=443421,https://github.com/OranWeb/tc-baldrs-levelling-list/blob/master/data.json | https://torn.netgangster.com/Targets.html
194310,peacefrog,24,796,630,10,33,123,796,,2,Baldr's List 2 | Net Gangster Legacy List 10,10,,false,,796 [Compiled input + Net Gangster Legacy List 10],https://www.torn.com/profiles.php?XID=194310,https://www.torn.com/loader.php?sid=attack&user2ID=194310,https://github.com/OranWeb/tc-baldrs-levelling-list/blob/master/data.json | https://torn.netgangster.com/Targets.html
573258,MrBensyBen94,24,808,201,201,203,203,808,,2,Baldr's List 2 | Net Gangster Legacy List 7,7,,false,,808 [Compiled input + Net Gangster Legacy List 7],https://www.torn.com/profiles.php?XID=573258,https://www.torn.com/loader.php?sid=attack&user2ID=573258,https://github.com/OranWeb/tc-baldrs-levelling-list/blob/master/data.json | https://torn.netgangster.com/Targets.html
104318,soldier27,24,815,158,532,54,70,815,,2,Baldr's List 2 | Net Gangster Legacy List 3,3,,false,,815 [Compiled input + Net Gangster Legacy List 3],https://www.torn.com/profiles.php?XID=104318,https://www.torn.com/loader.php?sid=attack&user2ID=104318,https://github.com/OranWeb/tc-baldrs-levelling-list/blob/master/data.json | https://torn.netgangster.com/Targets.html
1011379,doggydog10,24,854,212,189,332,121,854,,2,Baldr's List 2 | Net Gangster Legacy List 6,6,,false,,854 [Compiled input + Net Gangster Legacy List 6],https://www.torn.com/profiles.php?XID=1011379,https://www.torn.com/loader.php?sid=attack&user2ID=1011379,https://github.com/OranWeb/tc-baldrs-levelling-list/blob/master/data.json | https://torn.netgangster.com/Targets.html
33084,siurblys,24,936,280,151,238,226,936,,2,Baldr's List 2 | Net Gangster Legacy List 1,1,,false,895 | 936,895 [Net Gangster Legacy List 1]; 936 [Compiled input],https://www.torn.com/profiles.php?XID=33084,https://www.torn.com/loader.php?sid=attack&user2ID=33084,https://github.com/OranWeb/tc-baldrs-levelling-list/blob/master/data.json | https://torn.netgangster.com/Targets.html
1387230,dragonman101,24,966,84,88,207,587,966,,2,Baldr's List 2 | Net Gangster Legacy List 8,8,,false,,966 [Compiled input + Net Gangster Legacy List 8],https://www.torn.com/profiles.php?XID=1387230,https://www.torn.com/loader.php?sid=attack&user2ID=1387230,https://github.com/OranWeb/tc-baldrs-levelling-list/blob/master/data.json | https://torn.netgangster.com/Targets.html
,-The_Assassin-,24,5090,,,,,,1075,1,Just Another Hitlist,,"1,000-10,000",false,,5090 [Just Another Hitlist],https://www.torn.com/profiles.php?NID=-The_Assassin-,,https://www.torn.com/forums.php#/p=threads&f=61&t=16280317&b=0&a=0
,-TTD-blackholex,24,23500,,,,,,1128,1,Just Another Hitlist,,"10,000-100,000",false,,23500 [Just Another Hitlist],https://www.torn.com/profiles.php?NID=-TTD-blackholex,,https://www.torn.com/forums.php#/p=threads&f=61&t=16280317&b=0&a=0
,JOB420,24,24100,,,,,,1075,1,Just Another Hitlist,,"10,000-100,000",false,,24100 [Just Another Hitlist],https://www.torn.com/profiles.php?NID=JOB420,,https://www.torn.com/forums.php#/p=threads&f=61&t=16280317&b=0&a=0
,Cortisan,24,31000,,,,,,1075,1,Just Another Hitlist,,"10,000-100,000",false,,31000 [Just Another Hitlist],https://www.torn.com/profiles.php?NID=Cortisan,,https://www.torn.com/forums.php#/p=threads&f=61&t=16280317&b=0&a=0
,DeltaForce2,24,45000,,,,,,1075,1,Just Another Hitlist,,"10,000-100,000",false,,45000 [Just Another Hitlist],https://www.torn.com/profiles.php?NID=DeltaForce2,,https://www.torn.com/forums.php#/p=threads&f=61&t=16280317&b=0&a=0
,MentalNameless,24,54000,,,,,,1290,1,Just Another Hitlist,,"10,000-100,000",false,,54000 [Just Another Hitlist],https://www.torn.com/profiles.php?NID=MentalNameless,,https://www.torn.com/forums.php#/p=threads&f=61&t=16280317&b=0&a=0
,TheSuperHiro,24,77000,,,,,,1075,1,Just Another Hitlist,,"10,000-100,000",false,,77000 [Just Another Hitlist],https://www.torn.com/profiles.php?NID=TheSuperHiro,,https://www.torn.com/forums.php#/p=threads&f=61&t=16280317&b=0&a=0
,Bert42O,24,96000,,,,,,1075,1,Just Another Hitlist,,"10,000-100,000",false,,96000 [Just Another Hitlist],https://www.torn.com/profiles.php?NID=Bert42O,,https://www.torn.com/forums.php#/p=threads&f=61&t=16280317&b=0&a=0
1767284,Awesome0ne,24,,,,,,,,1,Net Gangster Legacy List 11,11,,false,,,https://www.torn.com/profiles.php?XID=1767284,https://www.torn.com/loader.php?sid=attack&user2ID=1767284,https://torn.netgangster.com/Targets.html
321212,Windangel,23,38,,,,,38,,1,Slinkies Hitlist,,,false,,38 [Compiled input],https://www.torn.com/profiles.php?XID=321212,https://www.torn.com/loader.php?sid=attack&user2ID=321212,https://docs.google.com/spreadsheets/d/1rFHSPkemKPieolxeps8Wvwxd28P9zqTN3kkD75-RDqw/edit
1411624,insanezane,23,75,,,,,75,,1,Slinkies Hitlist,,,false,,75 [Compiled input],https://www.torn.com/profiles.php?XID=1411624,https://www.torn.com/loader.php?sid=attack&user2ID=1411624,https://docs.google.com/spreadsheets/d/1rFHSPkemKPieolxeps8Wvwxd28P9zqTN3kkD75-RDqw/edit
382353,deadlydazza1,23,84,,,,,84,,1,Slinkies Hitlist,,,false,,84 [Compiled input],https://www.torn.com/profiles.php?XID=382353,https://www.torn.com/loader.php?sid=attack&user2ID=382353,https://docs.google.com/spreadsheets/d/1rFHSPkemKPieolxeps8Wvwxd28P9zqTN3kkD75-RDqw/edit
353299,yaesu001,23,126,36,27,38,25,126,,2,Baldr's List 2 | Net Gangster Legacy List 5,5,,false,,126 [Compiled input + Net Gangster Legacy List 5],https://www.torn.com/profiles.php?XID=353299,https://www.torn.com/loader.php?sid=attack&user2ID=353299,https://github.com/OranWeb/tc-baldrs-levelling-list/blob/master/data.json | https://torn.netgangster.com/Targets.html
542048,Dragon721,23,161,37,15,94,15,161,,2,Baldr's List 2 | Net Gangster Legacy List 11,11,,false,,161 [Compiled input + Net Gangster Legacy List 11],https://www.torn.com/profiles.php?XID=542048,https://www.torn.com/loader.php?sid=attack&user2ID=542048,https://github.com/OranWeb/tc-baldrs-levelling-list/blob/master/data.json | https://torn.netgangster.com/Targets.html
659243,Monica,23,290,70,70,79,71,290,1025,3,Baldr's List 2 | Just Another Hitlist | Net Gangster Legacy List 2,2,"under 1,000",false,280 | 290,280 [Just Another Hitlist]; 290 [Compiled input + Net Gangster Legacy List 2],https://www.torn.com/profiles.php?XID=659243,https://www.torn.com/loader.php?sid=attack&user2ID=659243,https://github.com/OranWeb/tc-baldrs-levelling-list/blob/master/data.json | https://torn.netgangster.com/Targets.html | https://www.torn.com/forums.php#/p=threads&f=61&t=16280317&b=0&a=0
1104804,mzwpunk,23,392,131,67,101,93,392,,2,Baldr's List 2 | Net Gangster Legacy List 3,3,,false,,392 [Compiled input + Net Gangster Legacy List 3],https://www.torn.com/profiles.php?XID=1104804,https://www.torn.com/loader.php?sid=attack&user2ID=1104804,https://github.com/OranWeb/tc-baldrs-levelling-list/blob/master/data.json | https://torn.netgangster.com/Targets.html
352232,maxrocks,23,403,211,21,51,120,403,,2,Baldr's List 2 | Net Gangster Legacy List 13,13,,false,,403 [Compiled input + Net Gangster Legacy List 13],https://www.torn.com/profiles.php?XID=352232,https://www.torn.com/loader.php?sid=attack&user2ID=352232,https://github.com/OranWeb/tc-baldrs-levelling-list/blob/master/data.json | https://torn.netgangster.com/Targets.html
670186,4fingers,23,463,344,27,82,10,463,,2,Baldr's List 2 | Net Gangster Legacy List 9,9,,false,,463 [Compiled input + Net Gangster Legacy List 9],https://www.torn.com/profiles.php?XID=670186,https://www.torn.com/loader.php?sid=attack&user2ID=670186,https://github.com/OranWeb/tc-baldrs-levelling-list/blob/master/data.json | https://torn.netgangster.com/Targets.html
448387,knucles777,23,857,256,246,203,151,857,,2,Baldr's List 2 | Net Gangster Legacy List 12,12,,false,,857 [Compiled input + Net Gangster Legacy List 12],https://www.torn.com/profiles.php?XID=448387,https://www.torn.com/loader.php?sid=attack&user2ID=448387,https://github.com/OranWeb/tc-baldrs-levelling-list/blob/master/data.json | https://torn.netgangster.com/Targets.html
441061,ministerdeadman,23,976,605,117,130,124,976,,2,Baldr's List 2 | Net Gangster Legacy List 1,1,,false,,976 [Compiled input + Net Gangster Legacy List 1],https://www.torn.com/profiles.php?XID=441061,https://www.torn.com/loader.php?sid=attack&user2ID=441061,https://github.com/OranWeb/tc-baldrs-levelling-list/blob/master/data.json | https://torn.netgangster.com/Targets.html
,ghettolad,23,3000,,,,,,1025,1,Just Another Hitlist,,"1,000-10,000",false,,3000 [Just Another Hitlist],https://www.torn.com/profiles.php?NID=ghettolad,,https://www.torn.com/forums.php#/p=threads&f=61&t=16280317&b=0&a=0
,DamonDolittle,23,4000,,,,,,1127,1,Just Another Hitlist,,"1,000-10,000",false,,4000 [Just Another Hitlist],https://www.torn.com/profiles.php?NID=DamonDolittle,,https://www.torn.com/forums.php#/p=threads&f=61&t=16280317&b=0&a=0
,tOku_1,23,4000,,,,,,1076,1,Just Another Hitlist,,"1,000-10,000",false,,4000 [Just Another Hitlist],https://www.torn.com/profiles.php?NID=tOku_1,,https://www.torn.com/forums.php#/p=threads&f=61&t=16280317&b=0&a=0
,grafixswed,23,4730,,,,,,1025,1,Just Another Hitlist,,"1,000-10,000",false,,4730 [Just Another Hitlist],https://www.torn.com/profiles.php?NID=grafixswed,,https://www.torn.com/forums.php#/p=threads&f=61&t=16280317&b=0&a=0
,afortunado7,23,9000,,,,,,1025,1,Just Another Hitlist,,"1,000-10,000",false,,9000 [Just Another Hitlist],https://www.torn.com/profiles.php?NID=afortunado7,,https://www.torn.com/forums.php#/p=threads&f=61&t=16280317&b=0&a=0
,XIythe,23,9040,,,,,,1230,1,Just Another Hitlist,,"1,000-10,000",false,,9040 [Just Another Hitlist],https://www.torn.com/profiles.php?NID=XIythe,,https://www.torn.com/forums.php#/p=threads&f=61&t=16280317&b=0&a=0
,Fanciful,23,16900,,,,,,1025,1,Just Another Hitlist,,"10,000-100,000",false,,16900 [Just Another Hitlist],https://www.torn.com/profiles.php?NID=Fanciful,,https://www.torn.com/forums.php#/p=threads&f=61&t=16280317&b=0&a=0
,anka1,23,19700,,,,,,1127,1,Just Another Hitlist,,"10,000-100,000",false,,19700 [Just Another Hitlist],https://www.torn.com/profiles.php?NID=anka1,,https://www.torn.com/forums.php#/p=threads&f=61&t=16280317&b=0&a=0
,ProtoKiller,23,20000,,,,,,1127,1,Just Another Hitlist,,"10,000-100,000",false,,20000 [Just Another Hitlist],https://www.torn.com/profiles.php?NID=ProtoKiller,,https://www.torn.com/forums.php#/p=threads&f=61&t=16280317&b=0&a=0
,XI-Am-LeGeNdDX,23,20800,,,,,,1076,1,Just Another Hitlist,,"10,000-100,000",false,,20800 [Just Another Hitlist],https://www.torn.com/profiles.php?NID=XI-Am-LeGeNdDX,,https://www.torn.com/forums.php#/p=threads&f=61&t=16280317&b=0&a=0
,zombilekkoo,23,31000,,,,,,1025,1,Just Another Hitlist,,"10,000-100,000",false,,31000 [Just Another Hitlist],https://www.torn.com/profiles.php?NID=zombilekkoo,,https://www.torn.com/forums.php#/p=threads&f=61&t=16280317&b=0&a=0
,LEP-Recon,23,43000,,,,,,1025,1,Just Another Hitlist,,"10,000-100,000",false,,43000 [Just Another Hitlist],https://www.torn.com/profiles.php?NID=LEP-Recon,,https://www.torn.com/forums.php#/p=threads&f=61&t=16280317&b=0&a=0
,Skyfire,23,43000,,,,,,1025,1,Just Another Hitlist,,"10,000-100,000",false,,43000 [Just Another Hitlist],https://www.torn.com/profiles.php?NID=Skyfire,,https://www.torn.com/forums.php#/p=threads&f=61&t=16280317&b=0&a=0
,-Karen-,23,48000,,,,,,1025,1,Just Another Hitlist,,"10,000-100,000",false,,48000 [Just Another Hitlist],https://www.torn.com/profiles.php?NID=-Karen-,,https://www.torn.com/forums.php#/p=threads&f=61&t=16280317&b=0&a=0
603201,-Dead-Soulja-,23,,,,,,,,1,Net Gangster Legacy List 8,8,,false,,,https://www.torn.com/profiles.php?XID=603201,https://www.torn.com/loader.php?sid=attack&user2ID=603201,https://torn.netgangster.com/Targets.html
905505,Bramble420,23,,,,,,,,1,Net Gangster Legacy List 10,10,,false,,,https://www.torn.com/profiles.php?XID=905505,https://www.torn.com/loader.php?sid=attack&user2ID=905505,https://torn.netgangster.com/Targets.html
1293226,ravish,23,,,,,,,,1,Net Gangster Legacy List 4,4,,false,,,https://www.torn.com/profiles.php?XID=1293226,https://www.torn.com/loader.php?sid=attack&user2ID=1293226,https://torn.netgangster.com/Targets.html
1182544,wadseee,22,51,,,,,51,,2,Net Gangster Legacy List 6 | Slinkies Hitlist,6,,false,,51 [Compiled input],https://www.torn.com/profiles.php?XID=1182544,https://www.torn.com/loader.php?sid=attack&user2ID=1182544,https://docs.google.com/spreadsheets/d/1rFHSPkemKPieolxeps8Wvwxd28P9zqTN3kkD75-RDqw/edit | https://torn.netgangster.com/Targets.html
1650969,Lazerchild007,22,94,,,,,94,,1,Slinkies Hitlist,,,false,,94 [Compiled input],https://www.torn.com/profiles.php?XID=1650969,https://www.torn.com/loader.php?sid=attack&user2ID=1650969,https://docs.google.com/spreadsheets/d/1rFHSPkemKPieolxeps8Wvwxd28P9zqTN3kkD75-RDqw/edit
652570,nuryn,22,268,168,16,55,29,268,,2,Baldr's List 2 | Net Gangster Legacy List 3,3,,false,,268 [Compiled input + Net Gangster Legacy List 3],https://www.torn.com/profiles.php?XID=652570,https://www.torn.com/loader.php?sid=attack&user2ID=652570,https://github.com/OranWeb/tc-baldrs-levelling-list/blob/master/data.json | https://torn.netgangster.com/Targets.html
693146,K00L-,22,285,218,17,32,18,285,,2,Baldr's List 2 | Net Gangster Legacy List 13,13,,false,,285 [Compiled input + Net Gangster Legacy List 13],https://www.torn.com/profiles.php?XID=693146,https://www.torn.com/loader.php?sid=attack&user2ID=693146,https://github.com/OranWeb/tc-baldrs-levelling-list/blob/master/data.json | https://torn.netgangster.com/Targets.html
595042,scottywalker,22,432,361,14,32,25,432,,2,Baldr's List 2 | Net Gangster Legacy List 5,5,,false,,432 [Compiled input + Net Gangster Legacy List 5],https://www.torn.com/profiles.php?XID=595042,https://www.torn.com/loader.php?sid=attack&user2ID=595042,https://github.com/OranWeb/tc-baldrs-levelling-list/blob/master/data.json | https://torn.netgangster.com/Targets.html
63476,63476,22,457,120,112,91,134,457,,2,Baldr's List 2 | Net Gangster Legacy List 5,5,,false,,457 [Compiled input + Net Gangster Legacy List 5],https://www.torn.com/profiles.php?XID=63476,https://www.torn.com/loader.php?sid=attack&user2ID=63476,https://github.com/OranWeb/tc-baldrs-levelling-list/blob/master/data.json | https://torn.netgangster.com/Targets.html
508876,HatchetWarrior,22,594,200,133,202,59,594,,2,Baldr's List 2 | Net Gangster Legacy List 9,9,,false,,594 [Compiled input + Net Gangster Legacy List 9],https://www.torn.com/profiles.php?XID=508876,https://www.torn.com/loader.php?sid=attack&user2ID=508876,https://github.com/OranWeb/tc-baldrs-levelling-list/blob/master/data.json | https://torn.netgangster.com/Targets.html
640180,Pandemic,22,631,159,157,156,159,631,,2,Baldr's List 2 | Net Gangster Legacy List 4,4,,false,,631 [Compiled input + Net Gangster Legacy List 4],https://www.torn.com/profiles.php?XID=640180,https://www.torn.com/loader.php?sid=attack&user2ID=640180,https://github.com/OranWeb/tc-baldrs-levelling-list/blob/master/data.json | https://torn.netgangster.com/Targets.html
1390755,kaungkaung3887,22,701,27,18,97,559,701,,2,Baldr's List 2 | Net Gangster Legacy List 1,1,,true,504 | 701,504 [Compiled input alternate]; 701 [Compiled input + Compiled input alternate + Net Gangster Legacy List 1],https://www.torn.com/profiles.php?XID=1390755,https://www.torn.com/loader.php?sid=attack&user2ID=1390755,https://github.com/OranWeb/tc-baldrs-levelling-list/blob/master/data.json | https://torn.netgangster.com/Targets.html
104247,hotrod,22,940,177,78,445,240,940,,2,Baldr's List 2 | Net Gangster Legacy List 10,10,,false,,940 [Compiled input + Net Gangster Legacy List 10],https://www.torn.com/profiles.php?XID=104247,https://www.torn.com/loader.php?sid=attack&user2ID=104247,https://github.com/OranWeb/tc-baldrs-levelling-list/blob/master/data.json | https://torn.netgangster.com/Targets.html
,thepoo,22,1560,,,,,,975,1,Just Another Hitlist,,"1,000-10,000",false,,1560 [Just Another Hitlist],https://www.torn.com/profiles.php?NID=thepoo,,https://www.torn.com/forums.php#/p=threads&f=61&t=16280317&b=0&a=0
,sexybitch987,22,3000,,,,,,1072,1,Just Another Hitlist,,"1,000-10,000",false,,3000 [Just Another Hitlist],https://www.torn.com/profiles.php?NID=sexybitch987,,https://www.torn.com/forums.php#/p=threads&f=61&t=16280317&b=0&a=0
,Relyks_Doog,22,3260,,,,,,975,1,Just Another Hitlist,,"1,000-10,000",false,,3260 [Just Another Hitlist],https://www.torn.com/profiles.php?NID=Relyks_Doog,,https://www.torn.com/forums.php#/p=threads&f=61&t=16280317&b=0&a=0
,Kasume,22,3570,,,,,,1023,1,Just Another Hitlist,,"1,000-10,000",false,,3570 [Just Another Hitlist],https://www.torn.com/profiles.php?NID=Kasume,,https://www.torn.com/forums.php#/p=threads&f=61&t=16280317&b=0&a=0
,TinyTony,22,7110,,,,,,1316,1,Just Another Hitlist,,"1,000-10,000",false,,7110 [Just Another Hitlist],https://www.torn.com/profiles.php?NID=TinyTony,,https://www.torn.com/forums.php#/p=threads&f=61&t=16280317&b=0&a=0
,zzz123,22,17600,,,,,,975,1,Just Another Hitlist,,"10,000-100,000",false,,17600 [Just Another Hitlist],https://www.torn.com/profiles.php?NID=zzz123,,https://www.torn.com/forums.php#/p=threads&f=61&t=16280317&b=0&a=0
,Taken007,22,19200,,,,,,975,1,Just Another Hitlist,,"10,000-100,000",false,,19200 [Just Another Hitlist],https://www.torn.com/profiles.php?NID=Taken007,,https://www.torn.com/forums.php#/p=threads&f=61&t=16280317&b=0&a=0
,Sublime2006,22,20400,,,,,,975,1,Just Another Hitlist,,"10,000-100,000",false,,20400 [Just Another Hitlist],https://www.torn.com/profiles.php?NID=Sublime2006,,https://www.torn.com/forums.php#/p=threads&f=61&t=16280317&b=0&a=0
,princessroyal,22,45000,,,,,,975,1,Just Another Hitlist,,"10,000-100,000",false,,45000 [Just Another Hitlist],https://www.torn.com/profiles.php?NID=princessroyal,,https://www.torn.com/forums.php#/p=threads&f=61&t=16280317&b=0&a=0
687503,boorber,22,,,,,,,,1,Net Gangster Legacy List 6,6,,false,,,https://www.torn.com/profiles.php?XID=687503,https://www.torn.com/loader.php?sid=attack&user2ID=687503,https://torn.netgangster.com/Targets.html
914038,calvin5258,22,,,,,,,,1,Net Gangster Legacy List 7,7,,false,,,https://www.torn.com/profiles.php?XID=914038,https://www.torn.com/loader.php?sid=attack&user2ID=914038,https://torn.netgangster.com/Targets.html
857036,D4RKM1ND101,22,,,,,,,,1,Net Gangster Legacy List 8,8,,false,,,https://www.torn.com/profiles.php?XID=857036,https://www.torn.com/loader.php?sid=attack&user2ID=857036,https://torn.netgangster.com/Targets.html
590783,isidor90210,22,,,,,,,,1,Net Gangster Legacy List 11,11,,false,,,https://www.torn.com/profiles.php?XID=590783,https://www.torn.com/loader.php?sid=attack&user2ID=590783,https://torn.netgangster.com/Targets.html
735269,jvwarrior,22,,,,,,,,1,Net Gangster Legacy List 12,12,,false,,,https://www.torn.com/profiles.php?XID=735269,https://www.torn.com/loader.php?sid=attack&user2ID=735269,https://torn.netgangster.com/Targets.html
1026129,Moonshiner,22,,,,,,,,1,Net Gangster Legacy List 2,2,,false,,,https://www.torn.com/profiles.php?XID=1026129,https://www.torn.com/loader.php?sid=attack&user2ID=1026129,https://torn.netgangster.com/Targets.html
687771,wilson121,22,,,,,,,,1,Net Gangster Legacy List 7,7,,false,,,https://www.torn.com/profiles.php?XID=687771,https://www.torn.com/loader.php?sid=attack&user2ID=687771,https://torn.netgangster.com/Targets.html
1503471,ozseychick,21,38,,,,,38,,1,Slinkies Hitlist,,,false,,38 [Compiled input],https://www.torn.com/profiles.php?XID=1503471,https://www.torn.com/loader.php?sid=attack&user2ID=1503471,https://docs.google.com/spreadsheets/d/1rFHSPkemKPieolxeps8Wvwxd28P9zqTN3kkD75-RDqw/edit
444993,chichi,21,59,,,,,59,,1,Slinkies Hitlist,,,false,,59 [Compiled input],https://www.torn.com/profiles.php?XID=444993,https://www.torn.com/loader.php?sid=attack&user2ID=444993,https://docs.google.com/spreadsheets/d/1rFHSPkemKPieolxeps8Wvwxd28P9zqTN3kkD75-RDqw/edit
1114962,CM_Punket619,21,59,,,,,59,,1,Slinkies Hitlist,,,false,,59 [Compiled input],https://www.torn.com/profiles.php?XID=1114962,https://www.torn.com/loader.php?sid=attack&user2ID=1114962,https://docs.google.com/spreadsheets/d/1rFHSPkemKPieolxeps8Wvwxd28P9zqTN3kkD75-RDqw/edit
1446951,shmall,21,59,,,,,59,,1,Slinkies Hitlist,,,false,,59 [Compiled input],https://www.torn.com/profiles.php?XID=1446951,https://www.torn.com/loader.php?sid=attack&user2ID=1446951,https://docs.google.com/spreadsheets/d/1rFHSPkemKPieolxeps8Wvwxd28P9zqTN3kkD75-RDqw/edit
1822211,Thargon,21,59,,,,,59,,1,Slinkies Hitlist,,,false,,59 [Compiled input],https://www.torn.com/profiles.php?XID=1822211,https://www.torn.com/loader.php?sid=attack&user2ID=1822211,https://docs.google.com/spreadsheets/d/1rFHSPkemKPieolxeps8Wvwxd28P9zqTN3kkD75-RDqw/edit
1454901,ceebee93,21,75,,,,,75,,1,Slinkies Hitlist,,,false,,75 [Compiled input],https://www.torn.com/profiles.php?XID=1454901,https://www.torn.com/loader.php?sid=attack&user2ID=1454901,https://docs.google.com/spreadsheets/d/1rFHSPkemKPieolxeps8Wvwxd28P9zqTN3kkD75-RDqw/edit
906645,ginger1,21,94,,,,,94,,1,Slinkies Hitlist,,,false,,94 [Compiled input],https://www.torn.com/profiles.php?XID=906645,https://www.torn.com/loader.php?sid=attack&user2ID=906645,https://docs.google.com/spreadsheets/d/1rFHSPkemKPieolxeps8Wvwxd28P9zqTN3kkD75-RDqw/edit
534510,green_punk768,21,108,56,11,27,13,108,,2,Baldr's List 2 | Net Gangster Legacy List 3,3,,false,,108 [Compiled input + Net Gangster Legacy List 3],https://www.torn.com/profiles.php?XID=534510,https://www.torn.com/loader.php?sid=attack&user2ID=534510,https://github.com/OranWeb/tc-baldrs-levelling-list/blob/master/data.json | https://torn.netgangster.com/Targets.html
507739,Miff99,21,159,70,21,41,27,159,,2,Baldr's List 2 | Net Gangster Legacy List 9,9,,false,,159 [Compiled input + Net Gangster Legacy List 9],https://www.torn.com/profiles.php?XID=507739,https://www.torn.com/loader.php?sid=attack&user2ID=507739,https://github.com/OranWeb/tc-baldrs-levelling-list/blob/master/data.json | https://torn.netgangster.com/Targets.html
172402,CdWilliams101,21,257,186,12,45,14,257,,2,Baldr's List 2 | Net Gangster Legacy List 10,10,,false,,257 [Compiled input + Net Gangster Legacy List 10],https://www.torn.com/profiles.php?XID=172402,https://www.torn.com/loader.php?sid=attack&user2ID=172402,https://github.com/OranWeb/tc-baldrs-levelling-list/blob/master/data.json | https://torn.netgangster.com/Targets.html
508367,Adam12321,21,299,116,60,61,62,299,,2,Baldr's List 2 | Net Gangster Legacy List 5,5,,false,,299 [Compiled input + Net Gangster Legacy List 5],https://www.torn.com/profiles.php?XID=508367,https://www.torn.com/loader.php?sid=attack&user2ID=508367,https://github.com/OranWeb/tc-baldrs-levelling-list/blob/master/data.json | https://torn.netgangster.com/Targets.html
456008,Misspriss,21,323,290,10,14,10,323,,2,Baldr's List 2 | Net Gangster Legacy List 10,10,,false,,323 [Compiled input + Net Gangster Legacy List 10],https://www.torn.com/profiles.php?XID=456008,https://www.torn.com/loader.php?sid=attack&user2ID=456008,https://github.com/OranWeb/tc-baldrs-levelling-list/blob/master/data.json | https://torn.netgangster.com/Targets.html
591855,RockinGamer,21,331,215,26,77,13,331,,2,Baldr's List 2 | Net Gangster Legacy List 2,2,,false,,331 [Compiled input + Net Gangster Legacy List 2],https://www.torn.com/profiles.php?XID=591855,https://www.torn.com/loader.php?sid=attack&user2ID=591855,https://github.com/OranWeb/tc-baldrs-levelling-list/blob/master/data.json | https://torn.netgangster.com/Targets.html
247701,phyzco,21,390,254,28,84,24,390,,2,Baldr's List 2 | Net Gangster Legacy List 13,13,,false,,390 [Compiled input + Net Gangster Legacy List 13],https://www.torn.com/profiles.php?XID=247701,https://www.torn.com/loader.php?sid=attack&user2ID=247701,https://github.com/OranWeb/tc-baldrs-levelling-list/blob/master/data.json | https://torn.netgangster.com/Targets.html
470393,34tiger,21,518,154,115,146,103,518,,2,Baldr's List 2 | Net Gangster Legacy List 4,4,,false,,518 [Compiled input + Net Gangster Legacy List 4],https://www.torn.com/profiles.php?XID=470393,https://www.torn.com/loader.php?sid=attack&user2ID=470393,https://github.com/OranWeb/tc-baldrs-levelling-list/blob/master/data.json | https://torn.netgangster.com/Targets.html
1282831,flame1995,21,527,,,,,527,,1,Net Gangster Legacy List 1,1,,false,,527 [Compiled input],https://www.torn.com/profiles.php?XID=1282831,https://www.torn.com/loader.php?sid=attack&user2ID=1282831,https://torn.netgangster.com/Targets.html
471778,Adrian1221,21,543,448,11,46,38,543,,2,Baldr's List 2 | Net Gangster Legacy List 6,6,,false,,543 [Compiled input + Net Gangster Legacy List 6],https://www.torn.com/profiles.php?XID=471778,https://www.torn.com/loader.php?sid=attack&user2ID=471778,https://github.com/OranWeb/tc-baldrs-levelling-list/blob/master/data.json | https://torn.netgangster.com/Targets.html
323695,323695,21,638,88,281,40,229,638,,2,Baldr's List 2 | Net Gangster Legacy List 3,3,,false,,638 [Compiled input + Net Gangster Legacy List 3],https://www.torn.com/profiles.php?XID=323695,https://www.torn.com/loader.php?sid=attack&user2ID=323695,https://github.com/OranWeb/tc-baldrs-levelling-list/blob/master/data.json | https://torn.netgangster.com/Targets.html
,wras,21,690,,,,,,925,1,Just Another Hitlist,,"under 1,000",false,,690 [Just Another Hitlist],https://www.torn.com/profiles.php?NID=wras,,https://www.torn.com/forums.php#/p=threads&f=61&t=16280317&b=0&a=0
,Spongebobscuzin,21,1020,,,,,,925,1,Just Another Hitlist,,"1,000-10,000",false,,1020 [Just Another Hitlist],https://www.torn.com/profiles.php?NID=Spongebobscuzin,,https://www.torn.com/forums.php#/p=threads&f=61&t=16280317&b=0&a=0
1190929,rean,21,2900,,,,,2900,,1,Net Gangster Legacy List 1,1,,false,,2900 [Compiled input],https://www.torn.com/profiles.php?XID=1190929,https://www.torn.com/loader.php?sid=attack&user2ID=1190929,https://torn.netgangster.com/Targets.html
,princessa55,21,11400,,,,,,971,1,Just Another Hitlist,,"10,000-100,000",false,,11400 [Just Another Hitlist],https://www.torn.com/profiles.php?NID=princessa55,,https://www.torn.com/forums.php#/p=threads&f=61&t=16280317&b=0&a=0
,Originalspinny,21,16200,,,,,,925,1,Just Another Hitlist,,"10,000-100,000",false,,16200 [Just Another Hitlist],https://www.torn.com/profiles.php?NID=Originalspinny,,https://www.torn.com/forums.php#/p=threads&f=61&t=16280317&b=0&a=0
,rejey8,21,21200,,,,,,925,1,Just Another Hitlist,,"10,000-100,000",false,,21200 [Just Another Hitlist],https://www.torn.com/profiles.php?NID=rejey8,,https://www.torn.com/forums.php#/p=threads&f=61&t=16280317&b=0&a=0
,Amoeba33,21,34000,,,,,,971,1,Just Another Hitlist,,"10,000-100,000",false,,34000 [Just Another Hitlist],https://www.torn.com/profiles.php?NID=Amoeba33,,https://www.torn.com/forums.php#/p=threads&f=61&t=16280317&b=0&a=0
,RieZMY,21,37000,,,,,,925,1,Just Another Hitlist,,"10,000-100,000",false,,37000 [Just Another Hitlist],https://www.torn.com/profiles.php?NID=RieZMY,,https://www.torn.com/forums.php#/p=threads&f=61&t=16280317&b=0&a=0
983094,bASTO,21,,,,,,,,1,Net Gangster Legacy List 7,7,,false,,,https://www.torn.com/profiles.php?XID=983094,https://www.torn.com/loader.php?sid=attack&user2ID=983094,https://torn.netgangster.com/Targets.html
775683,batista1,21,,,,,,,,1,Net Gangster Legacy List 8,8,,false,,,https://www.torn.com/profiles.php?XID=775683,https://www.torn.com/loader.php?sid=attack&user2ID=775683,https://torn.netgangster.com/Targets.html
920391,bean101,21,,,,,,,,1,Net Gangster Legacy List 9,9,,false,,,https://www.torn.com/profiles.php?XID=920391,https://www.torn.com/loader.php?sid=attack&user2ID=920391,https://torn.netgangster.com/Targets.html
1271570,CLAMPY,21,,,,,,,,1,Net Gangster Legacy List 11,11,,false,,,https://www.torn.com/profiles.php?XID=1271570,https://www.torn.com/loader.php?sid=attack&user2ID=1271570,https://torn.netgangster.com/Targets.html
1040562,CrisTheVampire,21,,,,,,,,1,Net Gangster Legacy List 12,12,,false,,,https://www.torn.com/profiles.php?XID=1040562,https://www.torn.com/loader.php?sid=attack&user2ID=1040562,https://torn.netgangster.com/Targets.html
607500,eminem999,21,,,,,,,,1,Net Gangster Legacy List 13,13,,false,,,https://www.torn.com/profiles.php?XID=607500,https://www.torn.com/loader.php?sid=attack&user2ID=607500,https://torn.netgangster.com/Targets.html
1371819,freakddg83,21,,,,,,,,1,Net Gangster Legacy List 2,2,,false,,,https://www.torn.com/profiles.php?XID=1371819,https://www.torn.com/loader.php?sid=attack&user2ID=1371819,https://torn.netgangster.com/Targets.html
951810,hoops1113,21,,,,,,,,1,Net Gangster Legacy List 4,4,,false,,,https://www.torn.com/profiles.php?XID=951810,https://www.torn.com/loader.php?sid=attack&user2ID=951810,https://torn.netgangster.com/Targets.html
1410804,irokthedude,21,,,,,,,,1,Net Gangster Legacy List 5,5,,false,,,https://www.torn.com/profiles.php?XID=1410804,https://www.torn.com/loader.php?sid=attack&user2ID=1410804,https://torn.netgangster.com/Targets.html
999334,klord,21,,,,,,,,1,Net Gangster Legacy List 6,6,,false,,,https://www.torn.com/profiles.php?XID=999334,https://www.torn.com/loader.php?sid=attack&user2ID=999334,https://torn.netgangster.com/Targets.html
1079830,Madds4,21,,,,,,,,1,Net Gangster Legacy List 7,7,,false,,,https://www.torn.com/profiles.php?XID=1079830,https://www.torn.com/loader.php?sid=attack&user2ID=1079830,https://torn.netgangster.com/Targets.html
847030,mcleano,21,,,,,,,,1,Net Gangster Legacy List 8,8,,false,,,https://www.torn.com/profiles.php?XID=847030,https://www.torn.com/loader.php?sid=attack&user2ID=847030,https://torn.netgangster.com/Targets.html
1403093,nedster34,21,,,,,,,,1,Net Gangster Legacy List 11,11,,false,,,https://www.torn.com/profiles.php?XID=1403093,https://www.torn.com/loader.php?sid=attack&user2ID=1403093,https://torn.netgangster.com/Targets.html
955843,Password,21,,,,,,,,1,Net Gangster Legacy List 12,12,,false,,,https://www.torn.com/profiles.php?XID=955843,https://www.torn.com/loader.php?sid=attack&user2ID=955843,https://torn.netgangster.com/Targets.html
505181,SufferingWierdo,21,,,,,,,,1,Net Gangster Legacy List 3,3,,false,,,https://www.torn.com/profiles.php?XID=505181,https://www.torn.com/loader.php?sid=attack&user2ID=505181,https://torn.netgangster.com/Targets.html
1501130,trooney1992,21,,,,,,,,1,Net Gangster Legacy List 4,4,,false,,,https://www.torn.com/profiles.php?XID=1501130,https://www.torn.com/loader.php?sid=attack&user2ID=1501130,https://torn.netgangster.com/Targets.html
1701853,dre_babz,20,44,,,,,44,,1,Slinkies Hitlist,,,false,,44 [Compiled input],https://www.torn.com/profiles.php?XID=1701853,https://www.torn.com/loader.php?sid=attack&user2ID=1701853,https://docs.google.com/spreadsheets/d/1rFHSPkemKPieolxeps8Wvwxd28P9zqTN3kkD75-RDqw/edit
1490601,towerhill,20,51,,,,,51,,1,Slinkies Hitlist,,,false,,51 [Compiled input],https://www.torn.com/profiles.php?XID=1490601,https://www.torn.com/loader.php?sid=attack&user2ID=1490601,https://docs.google.com/spreadsheets/d/1rFHSPkemKPieolxeps8Wvwxd28P9zqTN3kkD75-RDqw/edit
1556854,fighter20,20,67,,,,,67,,2,Net Gangster Legacy List 1 | Slinkies Hitlist,1,,false,,67 [Compiled input],https://www.torn.com/profiles.php?XID=1556854,https://www.torn.com/loader.php?sid=attack&user2ID=1556854,https://docs.google.com/spreadsheets/d/1rFHSPkemKPieolxeps8Wvwxd28P9zqTN3kkD75-RDqw/edit | https://torn.netgangster.com/Targets.html
1378700,don98,20,75,,,,,75,,1,Slinkies Hitlist,,,false,,75 [Compiled input],https://www.torn.com/profiles.php?XID=1378700,https://www.torn.com/loader.php?sid=attack&user2ID=1378700,https://docs.google.com/spreadsheets/d/1rFHSPkemKPieolxeps8Wvwxd28P9zqTN3kkD75-RDqw/edit
1749074,KingRucker,20,75,,,,,75,,1,Slinkies Hitlist,,,false,,75 [Compiled input],https://www.torn.com/profiles.php?XID=1749074,https://www.torn.com/loader.php?sid=attack&user2ID=1749074,https://docs.google.com/spreadsheets/d/1rFHSPkemKPieolxeps8Wvwxd28P9zqTN3kkD75-RDqw/edit
,HlaingBowarAung,20,80,,,,,,875,1,Just Another Hitlist,,"under 1,000",false,,80 [Just Another Hitlist],https://www.torn.com/profiles.php?NID=HlaingBowarAung,,https://www.torn.com/forums.php#/p=threads&f=61&t=16280317&b=0&a=0
1400442,landhead71,20,84,,,,,84,,2,Net Gangster Legacy List 4 | Slinkies Hitlist,4,,false,,84 [Compiled input],https://www.torn.com/profiles.php?XID=1400442,https://www.torn.com/loader.php?sid=attack&user2ID=1400442,https://docs.google.com/spreadsheets/d/1rFHSPkemKPieolxeps8Wvwxd28P9zqTN3kkD75-RDqw/edit | https://torn.netgangster.com/Targets.html
969780,livehere,20,84,21,19,13,27,84,,3,Baldr's List 3 | Net Gangster Legacy List 6 | Slinkies Hitlist,6,,false,80 | 84,80 [Net Gangster Legacy List 6]; 84 [Compiled input],https://www.torn.com/profiles.php?XID=969780,https://www.torn.com/loader.php?sid=attack&user2ID=969780,https://docs.google.com/spreadsheets/d/1rFHSPkemKPieolxeps8Wvwxd28P9zqTN3kkD75-RDqw/edit | https://github.com/OranWeb/tc-baldrs-levelling-list/blob/master/data.json | https://torn.netgangster.com/Targets.html
685929,samartin,20,90,35,10,13,32,90,,3,Baldr's List 3 | Net Gangster Legacy List 11 | Slinkies Hitlist,11,,false,,90 [Compiled input + Net Gangster Legacy List 11],https://www.torn.com/profiles.php?XID=685929,https://www.torn.com/loader.php?sid=attack&user2ID=685929,https://docs.google.com/spreadsheets/d/1rFHSPkemKPieolxeps8Wvwxd28P9zqTN3kkD75-RDqw/edit | https://github.com/OranWeb/tc-baldrs-levelling-list/blob/master/data.json | https://torn.netgangster.com/Targets.html
920348,FLOWRIDER,20,94,,,,,94,,1,Slinkies Hitlist,,,false,,94 [Compiled input],https://www.torn.com/profiles.php?XID=920348,https://www.torn.com/loader.php?sid=attack&user2ID=920348,https://docs.google.com/spreadsheets/d/1rFHSPkemKPieolxeps8Wvwxd28P9zqTN3kkD75-RDqw/edit
1389629,tutan,20,94,28,20,17,24,94,,3,Baldr's List 3 | Net Gangster Legacy List 9 | Slinkies Hitlist,9,,false,89 | 94,89 [Net Gangster Legacy List 9]; 94 [Compiled input],https://www.torn.com/profiles.php?XID=1389629,https://www.torn.com/loader.php?sid=attack&user2ID=1389629,https://docs.google.com/spreadsheets/d/1rFHSPkemKPieolxeps8Wvwxd28P9zqTN3kkD75-RDqw/edit | https://github.com/OranWeb/tc-baldrs-levelling-list/blob/master/data.json | https://torn.netgangster.com/Targets.html
524902,fredie,20,98,68,10,10,10,98,,3,Baldr's List 3 | Net Gangster Legacy List 10 | Slinkies Hitlist,10,,false,,98 [Compiled input + Net Gangster Legacy List 10],https://www.torn.com/profiles.php?XID=524902,https://www.torn.com/loader.php?sid=attack&user2ID=524902,https://docs.google.com/spreadsheets/d/1rFHSPkemKPieolxeps8Wvwxd28P9zqTN3kkD75-RDqw/edit | https://github.com/OranWeb/tc-baldrs-levelling-list/blob/master/data.json | https://torn.netgangster.com/Targets.html
974933,Hass101,20,99,57,22,10,10,99,,3,Baldr's List 3 | Net Gangster Legacy List 1 | Slinkies Hitlist,1,,false,,99 [Compiled input + Net Gangster Legacy List 1],https://www.torn.com/profiles.php?XID=974933,https://www.torn.com/loader.php?sid=attack&user2ID=974933,https://docs.google.com/spreadsheets/d/1rFHSPkemKPieolxeps8Wvwxd28P9zqTN3kkD75-RDqw/edit | https://github.com/OranWeb/tc-baldrs-levelling-list/blob/master/data.json | https://torn.netgangster.com/Targets.html
1022737,joshymitty,20,107,56,13,19,19,107,,2,Baldr's List 3 | Net Gangster Legacy List 13,13,,false,,107 [Compiled input + Net Gangster Legacy List 13],https://www.torn.com/profiles.php?XID=1022737,https://www.torn.com/loader.php?sid=attack&user2ID=1022737,https://github.com/OranWeb/tc-baldrs-levelling-list/blob/master/data.json | https://torn.netgangster.com/Targets.html
794755,tnm021,20,111,77,10,10,14,111,,3,Baldr's List 3 | Net Gangster Legacy List 8 | Slinkies Hitlist,8,,false,,111 [Compiled input + Net Gangster Legacy List 8],https://www.torn.com/profiles.php?XID=794755,https://www.torn.com/loader.php?sid=attack&user2ID=794755,https://docs.google.com/spreadsheets/d/1rFHSPkemKPieolxeps8Wvwxd28P9zqTN3kkD75-RDqw/edit | https://github.com/OranWeb/tc-baldrs-levelling-list/blob/master/data.json | https://torn.netgangster.com/Targets.html
1171459,nickp36,20,114,46,18,27,24,114,,2,Baldr's List 3 | Net Gangster Legacy List 13,13,,false,,114 [Compiled input + Net Gangster Legacy List 13],https://www.torn.com/profiles.php?XID=1171459,https://www.torn.com/loader.php?sid=attack&user2ID=1171459,https://github.com/OranWeb/tc-baldrs-levelling-list/blob/master/data.json | https://torn.netgangster.com/Targets.html
422145,hisham654,20,117,43,16,30,27,117,,2,Baldr's List 3 | Net Gangster Legacy List 2,2,,false,,117 [Compiled input + Net Gangster Legacy List 2],https://www.torn.com/profiles.php?XID=422145,https://www.torn.com/loader.php?sid=attack&user2ID=422145,https://github.com/OranWeb/tc-baldrs-levelling-list/blob/master/data.json | https://torn.netgangster.com/Targets.html
581343,slykid,20,126,86,10,20,10,126,,2,Baldr's List 3 | Net Gangster Legacy List 4,4,,false,,126 [Compiled input + Net Gangster Legacy List 4],https://www.torn.com/profiles.php?XID=581343,https://www.torn.com/loader.php?sid=attack&user2ID=581343,https://github.com/OranWeb/tc-baldrs-levelling-list/blob/master/data.json | https://torn.netgangster.com/Targets.html
648698,fredmonkey,20,128,98,10,10,10,128,,3,Baldr's List 3 | Net Gangster Legacy List 11 | Slinkies Hitlist,11,,true,94 | 128,94 [Compiled input alternate]; 128 [Compiled input + Compiled input alternate + Net Gangster Legacy List 11],https://www.torn.com/profiles.php?XID=648698,https://www.torn.com/loader.php?sid=attack&user2ID=648698,https://docs.google.com/spreadsheets/d/1rFHSPkemKPieolxeps8Wvwxd28P9zqTN3kkD75-RDqw/edit | https://github.com/OranWeb/tc-baldrs-levelling-list/blob/master/data.json | https://torn.netgangster.com/Targets.html
857866,bighorse,20,134,47,18,52,17,134,,2,Baldr's List 3 | Net Gangster Legacy List 12,12,,false,,134 [Compiled input + Net Gangster Legacy List 12],https://www.torn.com/profiles.php?XID=857866,https://www.torn.com/loader.php?sid=attack&user2ID=857866,https://github.com/OranWeb/tc-baldrs-levelling-list/blob/master/data.json | https://torn.netgangster.com/Targets.html
849660,MRFoxtrot,20,146,31,70,23,21,146,,2,Baldr's List 3 | Net Gangster Legacy List 9,9,,false,,146 [Compiled input + Net Gangster Legacy List 9],https://www.torn.com/profiles.php?XID=849660,https://www.torn.com/loader.php?sid=attack&user2ID=849660,https://github.com/OranWeb/tc-baldrs-levelling-list/blob/master/data.json | https://torn.netgangster.com/Targets.html
313327,qwertypoo,20,147,56,10,66,17,147,,2,Baldr's List 3 | Net Gangster Legacy List 7,7,,false,,147 [Compiled input + Net Gangster Legacy List 7],https://www.torn.com/profiles.php?XID=313327,https://www.torn.com/loader.php?sid=attack&user2ID=313327,https://github.com/OranWeb/tc-baldrs-levelling-list/blob/master/data.json | https://torn.netgangster.com/Targets.html
512249,Jonny4toes,20,149,37,39,42,31,149,,2,Baldr's List 3 | Net Gangster Legacy List 11,11,,false,,149 [Compiled input + Net Gangster Legacy List 11],https://www.torn.com/profiles.php?XID=512249,https://www.torn.com/loader.php?sid=attack&user2ID=512249,https://github.com/OranWeb/tc-baldrs-levelling-list/blob/master/data.json | https://torn.netgangster.com/Targets.html
904225,CHRIS382,20,157,42,38,42,35,157,,2,Baldr's List 3 | Net Gangster Legacy List 2,2,,false,,157 [Compiled input + Net Gangster Legacy List 2],https://www.torn.com/profiles.php?XID=904225,https://www.torn.com/loader.php?sid=attack&user2ID=904225,https://github.com/OranWeb/tc-baldrs-levelling-list/blob/master/data.json | https://torn.netgangster.com/Targets.html
342880,When7Meets7,20,181,63,35,38,45,181,,2,Baldr's List 3 | Net Gangster Legacy List 13,13,,false,,181 [Compiled input + Net Gangster Legacy List 13],https://www.torn.com/profiles.php?XID=342880,https://www.torn.com/loader.php?sid=attack&user2ID=342880,https://github.com/OranWeb/tc-baldrs-levelling-list/blob/master/data.json | https://torn.netgangster.com/Targets.html
1101484,omoroxs,20,184,59,38,42,45,184,,2,Baldr's List 3 | Net Gangster Legacy List 3,3,,false,,184 [Compiled input + Net Gangster Legacy List 3],https://www.torn.com/profiles.php?XID=1101484,https://www.torn.com/loader.php?sid=attack&user2ID=1101484,https://github.com/OranWeb/tc-baldrs-levelling-list/blob/master/data.json | https://torn.netgangster.com/Targets.html
582138,Joshuaaare,20,189,147,22,10,11,189,,2,Baldr's List 3 | Net Gangster Legacy List 12,12,,false,,189 [Compiled input + Net Gangster Legacy List 12],https://www.torn.com/profiles.php?XID=582138,https://www.torn.com/loader.php?sid=attack&user2ID=582138,https://github.com/OranWeb/tc-baldrs-levelling-list/blob/master/data.json | https://torn.netgangster.com/Targets.html
790460,Marine2015,20,197,31,52,84,30,197,,2,Baldr's List 3 | Net Gangster Legacy List 11,11,,false,,197 [Compiled input + Net Gangster Legacy List 11],https://www.torn.com/profiles.php?XID=790460,https://www.torn.com/loader.php?sid=attack&user2ID=790460,https://github.com/OranWeb/tc-baldrs-levelling-list/blob/master/data.json | https://torn.netgangster.com/Targets.html
525298,wayneker,20,218,114,22,29,52,218,,2,Baldr's List 3 | Net Gangster Legacy List 11,11,,false,,218 [Compiled input + Net Gangster Legacy List 11],https://www.torn.com/profiles.php?XID=525298,https://www.torn.com/loader.php?sid=attack&user2ID=525298,https://github.com/OranWeb/tc-baldrs-levelling-list/blob/master/data.json | https://torn.netgangster.com/Targets.html
497977,sLiPkNoTbOy,20,220,,,,,,918,3,Baldr's List 3 | Just Another Hitlist | Net Gangster Legacy List 3,3,"under 1,000",true,106 | 220,106 [Compiled input + Net Gangster Legacy List 3]; 220 [Just Another Hitlist],https://www.torn.com/profiles.php?XID=497977,https://www.torn.com/loader.php?sid=attack&user2ID=497977,https://github.com/OranWeb/tc-baldrs-levelling-list/blob/master/data.json | https://torn.netgangster.com/Targets.html | https://www.torn.com/forums.php#/p=threads&f=61&t=16280317&b=0&a=0
677104,mavinny,20,221,95,35,17,74,221,,2,Baldr's List 3 | Net Gangster Legacy List 13,13,,false,,221 [Compiled input + Net Gangster Legacy List 13],https://www.torn.com/profiles.php?XID=677104,https://www.torn.com/loader.php?sid=attack&user2ID=677104,https://github.com/OranWeb/tc-baldrs-levelling-list/blob/master/data.json | https://torn.netgangster.com/Targets.html
580371,mrman,20,222,59,27,39,97,222,,2,Baldr's List 3 | Net Gangster Legacy List 10,10,,false,,222 [Compiled input + Net Gangster Legacy List 10],https://www.torn.com/profiles.php?XID=580371,https://www.torn.com/loader.php?sid=attack&user2ID=580371,https://github.com/OranWeb/tc-baldrs-levelling-list/blob/master/data.json | https://torn.netgangster.com/Targets.html
921628,ken-XXX,20,230,84,41,71,34,230,,2,Baldr's List 3 | Net Gangster Legacy List 3,3,,false,,230 [Compiled input + Net Gangster Legacy List 3],https://www.torn.com/profiles.php?XID=921628,https://www.torn.com/loader.php?sid=attack&user2ID=921628,https://github.com/OranWeb/tc-baldrs-levelling-list/blob/master/data.json | https://torn.netgangster.com/Targets.html
894666,nature95boy,20,247,51,46,43,104,247,,2,Baldr's List 3 | Net Gangster Legacy List 12,12,,false,,247 [Compiled input + Net Gangster Legacy List 12],https://www.torn.com/profiles.php?XID=894666,https://www.torn.com/loader.php?sid=attack&user2ID=894666,https://github.com/OranWeb/tc-baldrs-levelling-list/blob/master/data.json | https://torn.netgangster.com/Targets.html
693966,shaun103,20,266,80,63,59,64,266,,2,Baldr's List 3 | Net Gangster Legacy List 2,2,,false,,266 [Compiled input + Net Gangster Legacy List 2],https://www.torn.com/profiles.php?XID=693966,https://www.torn.com/loader.php?sid=attack&user2ID=693966,https://github.com/OranWeb/tc-baldrs-levelling-list/blob/master/data.json | https://torn.netgangster.com/Targets.html
1413853,smw23,20,266,72,56,127,11,266,,2,Baldr's List 3 | Net Gangster Legacy List 7,7,,false,,266 [Compiled input + Net Gangster Legacy List 7],https://www.torn.com/profiles.php?XID=1413853,https://www.torn.com/loader.php?sid=attack&user2ID=1413853,https://github.com/OranWeb/tc-baldrs-levelling-list/blob/master/data.json | https://torn.netgangster.com/Targets.html
579753,weerossy,20,268,146,35,71,16,268,,2,Baldr's List 3 | Net Gangster Legacy List 12,12,,false,,268 [Compiled input + Net Gangster Legacy List 12],https://www.torn.com/profiles.php?XID=579753,https://www.torn.com/loader.php?sid=attack&user2ID=579753,https://github.com/OranWeb/tc-baldrs-levelling-list/blob/master/data.json | https://torn.netgangster.com/Targets.html
428350,Mattyea,20,277,156,11,10,101,277,,2,Baldr's List 3 | Net Gangster Legacy List 12,12,,false,,277 [Compiled input + Net Gangster Legacy List 12],https://www.torn.com/profiles.php?XID=428350,https://www.torn.com/loader.php?sid=attack&user2ID=428350,https://github.com/OranWeb/tc-baldrs-levelling-list/blob/master/data.json | https://torn.netgangster.com/Targets.html
982909,Richev12,20,279,42,29,128,80,279,,2,Baldr's List 3 | Net Gangster Legacy List 10,10,,false,,279 [Compiled input + Net Gangster Legacy List 10],https://www.torn.com/profiles.php?XID=982909,https://www.torn.com/loader.php?sid=attack&user2ID=982909,https://github.com/OranWeb/tc-baldrs-levelling-list/blob/master/data.json | https://torn.netgangster.com/Targets.html
671763,leeroydon,20,282,170,15,65,32,282,,2,Baldr's List 3 | Net Gangster Legacy List 5,5,,false,,282 [Compiled input + Net Gangster Legacy List 5],https://www.torn.com/profiles.php?XID=671763,https://www.torn.com/loader.php?sid=attack&user2ID=671763,https://github.com/OranWeb/tc-baldrs-levelling-list/blob/master/data.json | https://torn.netgangster.com/Targets.html
678613,Pyrogod,20,294,109,48,40,97,294,,2,Baldr's List 3 | Net Gangster Legacy List 6,6,,false,,294 [Compiled input + Net Gangster Legacy List 6],https://www.torn.com/profiles.php?XID=678613,https://www.torn.com/loader.php?sid=attack&user2ID=678613,https://github.com/OranWeb/tc-baldrs-levelling-list/blob/master/data.json | https://torn.netgangster.com/Targets.html
238623,Mijumaru,20,323,257,10,46,10,323,,2,Baldr's List 3 | Net Gangster Legacy List 5,5,,false,,323 [Compiled input + Net Gangster Legacy List 5],https://www.torn.com/profiles.php?XID=238623,https://www.torn.com/loader.php?sid=attack&user2ID=238623,https://github.com/OranWeb/tc-baldrs-levelling-list/blob/master/data.json | https://torn.netgangster.com/Targets.html
469387,hoangnhu,20,326,204,38,33,51,326,,2,Baldr's List 3 | Net Gangster Legacy List 3,3,,false,,326 [Compiled input + Net Gangster Legacy List 3],https://www.torn.com/profiles.php?XID=469387,https://www.torn.com/loader.php?sid=attack&user2ID=469387,https://github.com/OranWeb/tc-baldrs-levelling-list/blob/master/data.json | https://torn.netgangster.com/Targets.html
96674,Nikon,20,340,139,76,59,66,340,,2,Baldr's List 3 | Net Gangster Legacy List 1,1,,false,,340 [Compiled input + Net Gangster Legacy List 1],https://www.torn.com/profiles.php?XID=96674,https://www.torn.com/loader.php?sid=attack&user2ID=96674,https://github.com/OranWeb/tc-baldrs-levelling-list/blob/master/data.json | https://torn.netgangster.com/Targets.html
298602,omgitswill,20,355,59,16,91,189,355,,2,Baldr's List 3 | Net Gangster Legacy List 2,2,,false,,355 [Compiled input + Net Gangster Legacy List 2],https://www.torn.com/profiles.php?XID=298602,https://www.torn.com/loader.php?sid=attack&user2ID=298602,https://github.com/OranWeb/tc-baldrs-levelling-list/blob/master/data.json | https://torn.netgangster.com/Targets.html
490998,guppy12345,20,385,269,28,63,25,385,,2,Baldr's List 3 | Net Gangster Legacy List 12,12,,false,,385 [Compiled input + Net Gangster Legacy List 12],https://www.torn.com/profiles.php?XID=490998,https://www.torn.com/loader.php?sid=attack&user2ID=490998,https://github.com/OranWeb/tc-baldrs-levelling-list/blob/master/data.json | https://torn.netgangster.com/Targets.html
916404,SEXYPERSON101,20,403,199,21,42,141,403,,2,Baldr's List 3 | Net Gangster Legacy List 13,13,,false,,403 [Compiled input + Net Gangster Legacy List 13],https://www.torn.com/profiles.php?XID=916404,https://www.torn.com/loader.php?sid=attack&user2ID=916404,https://github.com/OranWeb/tc-baldrs-levelling-list/blob/master/data.json | https://torn.netgangster.com/Targets.html
577479,pimpin,20,419,351,48,10,10,419,,2,Baldr's List 3 | Net Gangster Legacy List 4,4,,false,,419 [Compiled input + Net Gangster Legacy List 4],https://www.torn.com/profiles.php?XID=577479,https://www.torn.com/loader.php?sid=attack&user2ID=577479,https://github.com/OranWeb/tc-baldrs-levelling-list/blob/master/data.json | https://torn.netgangster.com/Targets.html
323067,melinko,20,440,173,86,98,83,440,,2,Baldr's List 3 | Net Gangster Legacy List 1,1,,false,,440 [Compiled input + Net Gangster Legacy List 1],https://www.torn.com/profiles.php?XID=323067,https://www.torn.com/loader.php?sid=attack&user2ID=323067,https://github.com/OranWeb/tc-baldrs-levelling-list/blob/master/data.json | https://torn.netgangster.com/Targets.html
1073189,lucy1011,20,445,285,59,51,50,445,,2,Baldr's List 3 | Net Gangster Legacy List 9,9,,false,,445 [Compiled input + Net Gangster Legacy List 9],https://www.torn.com/profiles.php?XID=1073189,https://www.torn.com/loader.php?sid=attack&user2ID=1073189,https://github.com/OranWeb/tc-baldrs-levelling-list/blob/master/data.json | https://torn.netgangster.com/Targets.html
239449,zapman119,20,451,290,12,125,24,451,,2,Baldr's List 3 | Net Gangster Legacy List 2,2,,false,,451 [Compiled input + Net Gangster Legacy List 2],https://www.torn.com/profiles.php?XID=239449,https://www.torn.com/loader.php?sid=attack&user2ID=239449,https://github.com/OranWeb/tc-baldrs-levelling-list/blob/master/data.json | https://torn.netgangster.com/Targets.html
509029,ptownboi04,20,482,166,103,109,104,482,,2,Baldr's List 3 | Net Gangster Legacy List 5,5,,false,,482 [Compiled input + Net Gangster Legacy List 5],https://www.torn.com/profiles.php?XID=509029,https://www.torn.com/loader.php?sid=attack&user2ID=509029,https://github.com/OranWeb/tc-baldrs-levelling-list/blob/master/data.json | https://torn.netgangster.com/Targets.html
938020,kashmoney,20,494,216,75,105,98,494,,2,Baldr's List 3 | Net Gangster Legacy List 1,1,,false,,494 [Compiled input + Net Gangster Legacy List 1],https://www.torn.com/profiles.php?XID=938020,https://www.torn.com/loader.php?sid=attack&user2ID=938020,https://github.com/OranWeb/tc-baldrs-levelling-list/blob/master/data.json | https://torn.netgangster.com/Targets.html
331666,AngelOfHealing,20,501,307,46,108,40,501,,2,Baldr's List 3 | Net Gangster Legacy List 7,7,,false,,501 [Compiled input + Net Gangster Legacy List 7],https://www.torn.com/profiles.php?XID=331666,https://www.torn.com/loader.php?sid=attack&user2ID=331666,https://github.com/OranWeb/tc-baldrs-levelling-list/blob/master/data.json | https://torn.netgangster.com/Targets.html
1306189,blood2433,20,501,238,97,43,123,501,,2,Baldr's List 3 | Net Gangster Legacy List 13,13,,false,,501 [Compiled input + Net Gangster Legacy List 13],https://www.torn.com/profiles.php?XID=1306189,https://www.torn.com/loader.php?sid=attack&user2ID=1306189,https://github.com/OranWeb/tc-baldrs-levelling-list/blob/master/data.json | https://torn.netgangster.com/Targets.html
1151368,Mr_Sosa,20,531,238,95,91,108,531,,2,Baldr's List 3 | Net Gangster Legacy List 8,8,,false,,531 [Compiled input + Net Gangster Legacy List 8],https://www.torn.com/profiles.php?XID=1151368,https://www.torn.com/loader.php?sid=attack&user2ID=1151368,https://github.com/OranWeb/tc-baldrs-levelling-list/blob/master/data.json | https://torn.netgangster.com/Targets.html
785081,htk11lerz,20,558,44,39,391,84,558,,2,Baldr's List 3 | Net Gangster Legacy List 4,4,,false,,558 [Compiled input + Net Gangster Legacy List 4],https://www.torn.com/profiles.php?XID=785081,https://www.torn.com/loader.php?sid=attack&user2ID=785081,https://github.com/OranWeb/tc-baldrs-levelling-list/blob/master/data.json | https://torn.netgangster.com/Targets.html
640201,jackwatkins,20,565,152,141,140,132,565,,2,Baldr's List 3 | Net Gangster Legacy List 5,5,,false,,565 [Compiled input + Net Gangster Legacy List 5],https://www.torn.com/profiles.php?XID=640201,https://www.torn.com/loader.php?sid=attack&user2ID=640201,https://github.com/OranWeb/tc-baldrs-levelling-list/blob/master/data.json | https://torn.netgangster.com/Targets.html
999990,mic1000,20,588,397,29,77,85,588,,2,Baldr's List 3 | Net Gangster Legacy List 3,3,,false,,588 [Compiled input + Net Gangster Legacy List 3],https://www.torn.com/profiles.php?XID=999990,https://www.torn.com/loader.php?sid=attack&user2ID=999990,https://github.com/OranWeb/tc-baldrs-levelling-list/blob/master/data.json | https://torn.netgangster.com/Targets.html
956400,RedArmy92,20,590,155,150,155,130,590,,2,Baldr's List 3 | Net Gangster Legacy List 9,9,,false,,590 [Compiled input + Net Gangster Legacy List 9],https://www.torn.com/profiles.php?XID=956400,https://www.torn.com/loader.php?sid=attack&user2ID=956400,https://github.com/OranWeb/tc-baldrs-levelling-list/blob/master/data.json | https://torn.netgangster.com/Targets.html
295976,JBauer,20,632,187,89,185,171,632,,2,Baldr's List 3 | Net Gangster Legacy List 8,8,,false,,632 [Compiled input + Net Gangster Legacy List 8],https://www.torn.com/profiles.php?XID=295976,https://www.torn.com/loader.php?sid=attack&user2ID=295976,https://github.com/OranWeb/tc-baldrs-levelling-list/blob/master/data.json | https://torn.netgangster.com/Targets.html
424049,RamboX,20,649,427,29,156,37,649,,2,Baldr's List 3 | Net Gangster Legacy List 8,8,,false,,649 [Compiled input + Net Gangster Legacy List 8],https://www.torn.com/profiles.php?XID=424049,https://www.torn.com/loader.php?sid=attack&user2ID=424049,https://github.com/OranWeb/tc-baldrs-levelling-list/blob/master/data.json | https://torn.netgangster.com/Targets.html
848845,smantas,20,668,155,71,224,218,668,,2,Baldr's List 3 | Net Gangster Legacy List 5,5,,false,,668 [Compiled input + Net Gangster Legacy List 5],https://www.torn.com/profiles.php?XID=848845,https://www.torn.com/loader.php?sid=attack&user2ID=848845,https://github.com/OranWeb/tc-baldrs-levelling-list/blob/master/data.json | https://torn.netgangster.com/Targets.html
1003142,1Wonder,20,696,219,14,250,213,696,,2,Baldr's List 3 | Net Gangster Legacy List 3,3,,false,,696 [Compiled input + Net Gangster Legacy List 3],https://www.torn.com/profiles.php?XID=1003142,https://www.torn.com/loader.php?sid=attack&user2ID=1003142,https://github.com/OranWeb/tc-baldrs-levelling-list/blob/master/data.json | https://torn.netgangster.com/Targets.html
257120,Michelle_Gurl,20,781,293,115,253,120,781,,2,Baldr's List 3 | Net Gangster Legacy List 4,4,,false,,781 [Compiled input + Net Gangster Legacy List 4],https://www.torn.com/profiles.php?XID=257120,https://www.torn.com/loader.php?sid=attack&user2ID=257120,https://github.com/OranWeb/tc-baldrs-levelling-list/blob/master/data.json | https://torn.netgangster.com/Targets.html
279869,LordDragon,20,790,140,173,270,208,790,,2,Baldr's List 3 | Net Gangster Legacy List 7,7,,false,,790 [Compiled input + Net Gangster Legacy List 7],https://www.torn.com/profiles.php?XID=279869,https://www.torn.com/loader.php?sid=attack&user2ID=279869,https://github.com/OranWeb/tc-baldrs-levelling-list/blob/master/data.json | https://torn.netgangster.com/Targets.html
1011214,warfarescare,20,793,240,176,186,191,793,,2,Baldr's List 3 | Net Gangster Legacy List 10,10,,false,,793 [Compiled input + Net Gangster Legacy List 10],https://www.torn.com/profiles.php?XID=1011214,https://www.torn.com/loader.php?sid=attack&user2ID=1011214,https://github.com/OranWeb/tc-baldrs-levelling-list/blob/master/data.json | https://torn.netgangster.com/Targets.html
524329,shanuj,20,845,,,,,845,,1,Net Gangster Legacy List 1,1,,false,,845 [Compiled input],https://www.torn.com/profiles.php?XID=524329,https://www.torn.com/loader.php?sid=attack&user2ID=524329,https://torn.netgangster.com/Targets.html
865088,jesse_c,20,850,400,122,283,46,850,,2,Baldr's List 3 | Net Gangster Legacy List 9,9,,false,,850 [Compiled input + Net Gangster Legacy List 9],https://www.torn.com/profiles.php?XID=865088,https://www.torn.com/loader.php?sid=attack&user2ID=865088,https://github.com/OranWeb/tc-baldrs-levelling-list/blob/master/data.json | https://torn.netgangster.com/Targets.html
774785,Firestar952,20,889,229,224,239,197,889,,2,Baldr's List 3 | Net Gangster Legacy List 9,9,,false,,889 [Compiled input + Net Gangster Legacy List 9],https://www.torn.com/profiles.php?XID=774785,https://www.torn.com/loader.php?sid=attack&user2ID=774785,https://github.com/OranWeb/tc-baldrs-levelling-list/blob/master/data.json | https://torn.netgangster.com/Targets.html
734208,Mossy,20,898,231,238,200,229,898,,2,Baldr's List 3 | Net Gangster Legacy List 7,7,,false,,898 [Compiled input + Net Gangster Legacy List 7],https://www.torn.com/profiles.php?XID=734208,https://www.torn.com/loader.php?sid=attack&user2ID=734208,https://github.com/OranWeb/tc-baldrs-levelling-list/blob/master/data.json | https://torn.netgangster.com/Targets.html
782638,balbaro,20,912,817,30,37,39,912,,2,Baldr's List 3 | Net Gangster Legacy List 11,11,,false,,912 [Compiled input + Net Gangster Legacy List 11],https://www.torn.com/profiles.php?XID=782638,https://www.torn.com/loader.php?sid=attack&user2ID=782638,https://github.com/OranWeb/tc-baldrs-levelling-list/blob/master/data.json | https://torn.netgangster.com/Targets.html
512111,lordjamman,20,923,231,231,231,230,923,,2,Baldr's List 3 | Net Gangster Legacy List 8,8,,false,,923 [Compiled input + Net Gangster Legacy List 8],https://www.torn.com/profiles.php?XID=512111,https://www.torn.com/loader.php?sid=attack&user2ID=512111,https://github.com/OranWeb/tc-baldrs-levelling-list/blob/master/data.json | https://torn.netgangster.com/Targets.html
877991,Bossman88,20,3300,,,,,3300,,1,Net Gangster Legacy List 1,1,,false,,3300 [Compiled input],https://www.torn.com/profiles.php?XID=877991,https://www.torn.com/loader.php?sid=attack&user2ID=877991,https://torn.netgangster.com/Targets.html
,FireFighter194,20,5000,,,,,,875,1,Just Another Hitlist,,"1,000-10,000",false,,5000 [Just Another Hitlist],https://www.torn.com/profiles.php?NID=FireFighter194,,https://www.torn.com/forums.php#/p=threads&f=61&t=16280317&b=0&a=0
,RetriNemesis,20,8110,,,,,,875,1,Just Another Hitlist,,"1,000-10,000",false,,8110 [Just Another Hitlist],https://www.torn.com/profiles.php?NID=RetriNemesis,,https://www.torn.com/forums.php#/p=threads&f=61&t=16280317&b=0&a=0
,ladyhunter,20,8510,,,,,,918,1,Just Another Hitlist,,"1,000-10,000",false,,8510 [Just Another Hitlist],https://www.torn.com/profiles.php?NID=ladyhunter,,https://www.torn.com/forums.php#/p=threads&f=61&t=16280317&b=0&a=0
,Infamous-Pwner,20,9000,,,,,,875,1,Just Another Hitlist,,"1,000-10,000",false,,9000 [Just Another Hitlist],https://www.torn.com/profiles.php?NID=Infamous-Pwner,,https://www.torn.com/forums.php#/p=threads&f=61&t=16280317&b=0&a=0
,toonarmy253,20,11000,,,,,,875,1,Just Another Hitlist,,"10,000-100,000",false,,11000 [Just Another Hitlist],https://www.torn.com/profiles.php?NID=toonarmy253,,https://www.torn.com/forums.php#/p=threads&f=61&t=16280317&b=0&a=0
,Banana_Lady,20,20500,,,,,,875,1,Just Another Hitlist,,"10,000-100,000",false,,20500 [Just Another Hitlist],https://www.torn.com/profiles.php?NID=Banana_Lady,,https://www.torn.com/forums.php#/p=threads&f=61&t=16280317&b=0&a=0
,Tideas,20,22600,,,,,,875,1,Just Another Hitlist,,"10,000-100,000",false,,22600 [Just Another Hitlist],https://www.torn.com/profiles.php?NID=Tideas,,https://www.torn.com/forums.php#/p=threads&f=61&t=16280317&b=0&a=0
,TFTR-Kelly-,20,23300,,,,,,875,1,Just Another Hitlist,,"10,000-100,000",false,,23300 [Just Another Hitlist],https://www.torn.com/profiles.php?NID=TFTR-Kelly-,,https://www.torn.com/forums.php#/p=threads&f=61&t=16280317&b=0&a=0
,sharpfang,20,25700,,,,,,875,1,Just Another Hitlist,,"10,000-100,000",false,,25700 [Just Another Hitlist],https://www.torn.com/profiles.php?NID=sharpfang,,https://www.torn.com/forums.php#/p=threads&f=61&t=16280317&b=0&a=0
,Viprus,20,31000,,,,,,875,1,Just Another Hitlist,,"10,000-100,000",false,,31000 [Just Another Hitlist],https://www.torn.com/profiles.php?NID=Viprus,,https://www.torn.com/forums.php#/p=threads&f=61&t=16280317&b=0&a=0
,IronManX329,20,51000,,,,,,875,1,Just Another Hitlist,,"10,000-100,000",false,,51000 [Just Another Hitlist],https://www.torn.com/profiles.php?NID=IronManX329,,https://www.torn.com/forums.php#/p=threads&f=61&t=16280317&b=0&a=0
,LittleKiddo,20,61000,,,,,,875,1,Just Another Hitlist,,"10,000-100,000",false,,61000 [Just Another Hitlist],https://www.torn.com/profiles.php?NID=LittleKiddo,,https://www.torn.com/forums.php#/p=threads&f=61&t=16280317&b=0&a=0
,oscily,20,99000,,,,,,1093,1,Just Another Hitlist,,"10,000-100,000",false,,99000 [Just Another Hitlist],https://www.torn.com/profiles.php?NID=oscily,,https://www.torn.com/forums.php#/p=threads&f=61&t=16280317&b=0&a=0
611381,Ace9233,20,,,,,,,,1,Net Gangster Legacy List 4,4,,false,,,https://www.torn.com/profiles.php?XID=611381,https://www.torn.com/loader.php?sid=attack&user2ID=611381,https://torn.netgangster.com/Targets.html
708894,anarchyking420,20,,,,,,,,1,Net Gangster Legacy List 5,5,,false,,,https://www.torn.com/profiles.php?XID=708894,https://www.torn.com/loader.php?sid=attack&user2ID=708894,https://torn.netgangster.com/Targets.html
896057,andwalt,20,,,,,,,,1,Net Gangster Legacy List 6,6,,false,,,https://www.torn.com/profiles.php?XID=896057,https://www.torn.com/loader.php?sid=attack&user2ID=896057,https://torn.netgangster.com/Targets.html
770646,asdfsf111,20,,,,,,,,1,Net Gangster Legacy List 8,8,,false,,,https://www.torn.com/profiles.php?XID=770646,https://www.torn.com/loader.php?sid=attack&user2ID=770646,https://torn.netgangster.com/Targets.html
1542030,ash_j,20,,,,,,,,1,Net Gangster Legacy List 9,9,,false,,,https://www.torn.com/profiles.php?XID=1542030,https://www.torn.com/loader.php?sid=attack&user2ID=1542030,https://torn.netgangster.com/Targets.html
1013326,badru,20,,,,,,,,1,Net Gangster Legacy List 10,10,,false,,,https://www.torn.com/profiles.php?XID=1013326,https://www.torn.com/loader.php?sid=attack&user2ID=1013326,https://torn.netgangster.com/Targets.html
579202,codeofdeath,20,,,,,,,,1,Net Gangster Legacy List 3,3,,false,,,https://www.torn.com/profiles.php?XID=579202,https://www.torn.com/loader.php?sid=attack&user2ID=579202,https://torn.netgangster.com/Targets.html
1187713,coolcode11,20,,,,,,,,1,Net Gangster Legacy List 4,4,,false,,,https://www.torn.com/profiles.php?XID=1187713,https://www.torn.com/loader.php?sid=attack&user2ID=1187713,https://torn.netgangster.com/Targets.html
1571208,Crazygirl1298,20,,,,,,,,1,Net Gangster Legacy List 5,5,,false,,,https://www.torn.com/profiles.php?XID=1571208,https://www.torn.com/loader.php?sid=attack&user2ID=1571208,https://torn.netgangster.com/Targets.html
1513968,dochudson,20,,,,,,,,1,Net Gangster Legacy List 6,6,,false,,,https://www.torn.com/profiles.php?XID=1513968,https://www.torn.com/loader.php?sid=attack&user2ID=1513968,https://torn.netgangster.com/Targets.html
1368813,Dustymemories,20,,,,,,,,1,Net Gangster Legacy List 7,7,,false,,,https://www.torn.com/profiles.php?XID=1368813,https://www.torn.com/loader.php?sid=attack&user2ID=1368813,https://torn.netgangster.com/Targets.html
1302260,fahimuddin,20,,,,,,,,1,Net Gangster Legacy List 8,8,,false,,,https://www.torn.com/profiles.php?XID=1302260,https://www.torn.com/loader.php?sid=attack&user2ID=1302260,https://torn.netgangster.com/Targets.html
1545343,hahapoint,20,,,,,,,,1,Net Gangster Legacy List 13,13,,false,,,https://www.torn.com/profiles.php?XID=1545343,https://www.torn.com/loader.php?sid=attack&user2ID=1545343,https://torn.netgangster.com/Targets.html
1186908,jacoby308,20,,,,,,,,1,Net Gangster Legacy List 6,6,,false,,,https://www.torn.com/profiles.php?XID=1186908,https://www.torn.com/loader.php?sid=attack&user2ID=1186908,https://torn.netgangster.com/Targets.html
851203,jasonc,20,,,,,,,,1,Net Gangster Legacy List 7,7,,false,,,https://www.torn.com/profiles.php?XID=851203,https://www.torn.com/loader.php?sid=attack&user2ID=851203,https://torn.netgangster.com/Targets.html
759615,jetybisto,20,,,,,,,,1,Net Gangster Legacy List 10,10,,false,,,https://www.torn.com/profiles.php?XID=759615,https://www.torn.com/loader.php?sid=attack&user2ID=759615,https://torn.netgangster.com/Targets.html
844625,kcmajor36,20,,,,,,,,1,Net Gangster Legacy List 2,2,,false,,,https://www.torn.com/profiles.php?XID=844625,https://www.torn.com/loader.php?sid=attack&user2ID=844625,https://torn.netgangster.com/Targets.html
1026078,Lyss,20,,,,,,,,1,Net Gangster Legacy List 10,10,,false,,,https://www.torn.com/profiles.php?XID=1026078,https://www.torn.com/loader.php?sid=attack&user2ID=1026078,https://torn.netgangster.com/Targets.html
1391875,mgkanzaw,20,,,,,,,,1,Net Gangster Legacy List 2,2,,false,,,https://www.torn.com/profiles.php?XID=1391875,https://www.torn.com/loader.php?sid=attack&user2ID=1391875,https://torn.netgangster.com/Targets.html
1419655,Mitchy3910,20,,,,,,,,1,Net Gangster Legacy List 6,6,,false,,,https://www.torn.com/profiles.php?XID=1419655,https://www.torn.com/loader.php?sid=attack&user2ID=1419655,https://torn.netgangster.com/Targets.html
511090,muerto13,20,,,,,,,,1,Net Gangster Legacy List 11,11,,false,,,https://www.torn.com/profiles.php?XID=511090,https://www.torn.com/loader.php?sid=attack&user2ID=511090,https://torn.netgangster.com/Targets.html
1616810,serthian,20,,,,,,,,1,Net Gangster Legacy List 12,12,,false,,,https://www.torn.com/profiles.php?XID=1616810,https://www.torn.com/loader.php?sid=attack&user2ID=1616810,https://torn.netgangster.com/Targets.html
590954,Smiley6666,20,,,,,,,,1,Net Gangster Legacy List 6,6,,false,,,https://www.torn.com/profiles.php?XID=590954,https://www.torn.com/loader.php?sid=attack&user2ID=590954,https://torn.netgangster.com/Targets.html
1767292,XpecoMan,20,,,,,,,,1,Net Gangster Legacy List 1,1,,false,,,https://www.torn.com/profiles.php?XID=1767292,https://www.torn.com/loader.php?sid=attack&user2ID=1767292,https://torn.netgangster.com/Targets.html
901426,aaronyuan,19,59,17,12,14,11,59,,3,Baldr's List 3 | Net Gangster Legacy List 8 | Slinkies Hitlist,8,,false,54 | 59,54 [Net Gangster Legacy List 8]; 59 [Compiled input],https://www.torn.com/profiles.php?XID=901426,https://www.torn.com/loader.php?sid=attack&user2ID=901426,https://docs.google.com/spreadsheets/d/1rFHSPkemKPieolxeps8Wvwxd28P9zqTN3kkD75-RDqw/edit | https://github.com/OranWeb/tc-baldrs-levelling-list/blob/master/data.json | https://torn.netgangster.com/Targets.html
487342,azizul,19,59,,,,,59,,1,Slinkies Hitlist,,,false,,59 [Compiled input],https://www.torn.com/profiles.php?XID=487342,https://www.torn.com/loader.php?sid=attack&user2ID=487342,https://docs.google.com/spreadsheets/d/1rFHSPkemKPieolxeps8Wvwxd28P9zqTN3kkD75-RDqw/edit
575872,blackpower12,19,59,,,,,59,,1,Slinkies Hitlist,,,false,,59 [Compiled input],https://www.torn.com/profiles.php?XID=575872,https://www.torn.com/loader.php?sid=attack&user2ID=575872,https://docs.google.com/spreadsheets/d/1rFHSPkemKPieolxeps8Wvwxd28P9zqTN3kkD75-RDqw/edit
1439547,jt2946,19,59,,,,,59,,1,Slinkies Hitlist,,,false,,59 [Compiled input],https://www.torn.com/profiles.php?XID=1439547,https://www.torn.com/loader.php?sid=attack&user2ID=1439547,https://docs.google.com/spreadsheets/d/1rFHSPkemKPieolxeps8Wvwxd28P9zqTN3kkD75-RDqw/edit
1423394,gogo234,19,67,16,17,22,12,67,,3,Baldr's List 3 | Net Gangster Legacy List 1 | Slinkies Hitlist,1,,false,,67 [Compiled input + Net Gangster Legacy List 1],https://www.torn.com/profiles.php?XID=1423394,https://www.torn.com/loader.php?sid=attack&user2ID=1423394,https://docs.google.com/spreadsheets/d/1rFHSPkemKPieolxeps8Wvwxd28P9zqTN3kkD75-RDqw/edit | https://github.com/OranWeb/tc-baldrs-levelling-list/blob/master/data.json | https://torn.netgangster.com/Targets.html
1475516,Linners,19,67,,,,,67,,1,Slinkies Hitlist,,,false,,67 [Compiled input],https://www.torn.com/profiles.php?XID=1475516,https://www.torn.com/loader.php?sid=attack&user2ID=1475516,https://docs.google.com/spreadsheets/d/1rFHSPkemKPieolxeps8Wvwxd28P9zqTN3kkD75-RDqw/edit
2038807,Mrs-Smiley,19,75,,,,,75,,1,Slinkies Hitlist,,,false,,75 [Compiled input],https://www.torn.com/profiles.php?XID=2038807,https://www.torn.com/loader.php?sid=attack&user2ID=2038807,https://docs.google.com/spreadsheets/d/1rFHSPkemKPieolxeps8Wvwxd28P9zqTN3kkD75-RDqw/edit
1075217,dmora,19,82,26,16,26,14,82,,3,Baldr's List 3 | Net Gangster Legacy List 8 | Slinkies Hitlist,8,,false,,82 [Compiled input + Net Gangster Legacy List 8],https://www.torn.com/profiles.php?XID=1075217,https://www.torn.com/loader.php?sid=attack&user2ID=1075217,https://docs.google.com/spreadsheets/d/1rFHSPkemKPieolxeps8Wvwxd28P9zqTN3kkD75-RDqw/edit | https://github.com/OranWeb/tc-baldrs-levelling-list/blob/master/data.json | https://torn.netgangster.com/Targets.html
524669,najun18,19,84,,,,,84,,1,Slinkies Hitlist,,,false,,84 [Compiled input],https://www.torn.com/profiles.php?XID=524669,https://www.torn.com/loader.php?sid=attack&user2ID=524669,https://docs.google.com/spreadsheets/d/1rFHSPkemKPieolxeps8Wvwxd28P9zqTN3kkD75-RDqw/edit
1602560,pug_angel,19,84,,,,,84,,1,Slinkies Hitlist,,,false,,84 [Compiled input],https://www.torn.com/profiles.php?XID=1602560,https://www.torn.com/loader.php?sid=attack&user2ID=1602560,https://docs.google.com/spreadsheets/d/1rFHSPkemKPieolxeps8Wvwxd28P9zqTN3kkD75-RDqw/edit
1301482,rabbit132,19,84,,,,,84,,2,Net Gangster Legacy List 5 | Slinkies Hitlist,5,,false,,84 [Compiled input],https://www.torn.com/profiles.php?XID=1301482,https://www.torn.com/loader.php?sid=attack&user2ID=1301482,https://docs.google.com/spreadsheets/d/1rFHSPkemKPieolxeps8Wvwxd28P9zqTN3kkD75-RDqw/edit | https://torn.netgangster.com/Targets.html
928958,Ophianne,19,94,,,,,94,,2,Net Gangster Legacy List 3 | Slinkies Hitlist,3,,false,,94 [Compiled input],https://www.torn.com/profiles.php?XID=928958,https://www.torn.com/loader.php?sid=attack&user2ID=928958,https://docs.google.com/spreadsheets/d/1rFHSPkemKPieolxeps8Wvwxd28P9zqTN3kkD75-RDqw/edit | https://torn.netgangster.com/Targets.html
870109,dick646,19,136,57,33,23,23,136,,2,Baldr's List 3 | Net Gangster Legacy List 5,5,,false,,136 [Compiled input + Net Gangster Legacy List 5],https://www.torn.com/profiles.php?XID=870109,https://www.torn.com/loader.php?sid=attack&user2ID=870109,https://github.com/OranWeb/tc-baldrs-levelling-list/blob/master/data.json | https://torn.netgangster.com/Targets.html
296249,forgotten_mists,19,174,52,29,53,40,174,,2,Baldr's List 3 | Net Gangster Legacy List 10,10,,false,,174 [Compiled input + Net Gangster Legacy List 10],https://www.torn.com/profiles.php?XID=296249,https://www.torn.com/loader.php?sid=attack&user2ID=296249,https://github.com/OranWeb/tc-baldrs-levelling-list/blob/master/data.json | https://torn.netgangster.com/Targets.html
1183664,dillin1333,19,187,50,36,77,24,187,,2,Baldr's List 3 | Net Gangster Legacy List 6,6,,false,,187 [Compiled input + Net Gangster Legacy List 6],https://www.torn.com/profiles.php?XID=1183664,https://www.torn.com/loader.php?sid=attack&user2ID=1183664,https://github.com/OranWeb/tc-baldrs-levelling-list/blob/master/data.json | https://torn.netgangster.com/Targets.html
789256,Frozenmalice,19,206,90,29,65,22,206,,2,Baldr's List 3 | Net Gangster Legacy List 12,12,,false,,206 [Compiled input + Net Gangster Legacy List 12],https://www.torn.com/profiles.php?XID=789256,https://www.torn.com/loader.php?sid=attack&user2ID=789256,https://github.com/OranWeb/tc-baldrs-levelling-list/blob/master/data.json | https://torn.netgangster.com/Targets.html
430140,dannieex,19,219,42,50,72,49,219,,2,Baldr's List 3 | Net Gangster Legacy List 1,1,,false,213 | 219,213 [Net Gangster Legacy List 1]; 219 [Compiled input],https://www.torn.com/profiles.php?XID=430140,https://www.torn.com/loader.php?sid=attack&user2ID=430140,https://github.com/OranWeb/tc-baldrs-levelling-list/blob/master/data.json | https://torn.netgangster.com/Targets.html
935251,Febreeze,19,246,97,40,50,59,246,,2,Baldr's List 3 | Net Gangster Legacy List 9,9,,false,,246 [Compiled input + Net Gangster Legacy List 9],https://www.torn.com/profiles.php?XID=935251,https://www.torn.com/loader.php?sid=attack&user2ID=935251,https://github.com/OranWeb/tc-baldrs-levelling-list/blob/master/data.json | https://torn.netgangster.com/Targets.html
1169008,Foxy-Roxy04,19,253,52,84,95,22,253,,2,Baldr's List 3 | Net Gangster Legacy List 11,11,,false,,253 [Compiled input + Net Gangster Legacy List 11],https://www.torn.com/profiles.php?XID=1169008,https://www.torn.com/loader.php?sid=attack&user2ID=1169008,https://github.com/OranWeb/tc-baldrs-levelling-list/blob/master/data.json | https://torn.netgangster.com/Targets.html
367428,cooterjessie,19,296,11,10,73,202,296,,2,Baldr's List 3 | Net Gangster Legacy List 13,13,,false,,296 [Compiled input + Net Gangster Legacy List 13],https://www.torn.com/profiles.php?XID=367428,https://www.torn.com/loader.php?sid=attack&user2ID=367428,https://github.com/OranWeb/tc-baldrs-levelling-list/blob/master/data.json | https://torn.netgangster.com/Targets.html
555271,DarthZannah,19,351,310,13,18,10,351,,2,Baldr's List 3 | Net Gangster Legacy List 2,2,,false,,351 [Compiled input + Net Gangster Legacy List 2],https://www.torn.com/profiles.php?XID=555271,https://www.torn.com/loader.php?sid=attack&user2ID=555271,https://github.com/OranWeb/tc-baldrs-levelling-list/blob/master/data.json | https://torn.netgangster.com/Targets.html
750371,djyoda,19,412,295,12,96,10,412,,2,Baldr's List 3 | Net Gangster Legacy List 7,7,,false,,412 [Compiled input + Net Gangster Legacy List 7],https://www.torn.com/profiles.php?XID=750371,https://www.torn.com/loader.php?sid=attack&user2ID=750371,https://github.com/OranWeb/tc-baldrs-levelling-list/blob/master/data.json | https://torn.netgangster.com/Targets.html
1380052,-007,19,599,219,112,162,106,599,,2,Baldr's List 3 | Net Gangster Legacy List 4,4,,false,,599 [Compiled input + Net Gangster Legacy List 4],https://www.torn.com/profiles.php?XID=1380052,https://www.torn.com/loader.php?sid=attack&user2ID=1380052,https://github.com/OranWeb/tc-baldrs-levelling-list/blob/master/data.json | https://torn.netgangster.com/Targets.html
1484815,zamzam,19,650,,,,,650,,1,Net Gangster Legacy List 1,1,,false,,650 [Compiled input],https://www.torn.com/profiles.php?XID=1484815,https://www.torn.com/loader.php?sid=attack&user2ID=1484815,https://torn.netgangster.com/Targets.html
477364,beggerboy,19,729,232,54,382,61,729,,2,Baldr's List 3 | Net Gangster Legacy List 9,9,,false,,729 [Compiled input + Net Gangster Legacy List 9],https://www.torn.com/profiles.php?XID=477364,https://www.torn.com/loader.php?sid=attack&user2ID=477364,https://github.com/OranWeb/tc-baldrs-levelling-list/blob/master/data.json | https://torn.netgangster.com/Targets.html
1442848,casper619,19,912,210,221,212,269,912,,2,Baldr's List 3 | Net Gangster Legacy List 12,12,,false,,912 [Compiled input + Net Gangster Legacy List 12],https://www.torn.com/profiles.php?XID=1442848,https://www.torn.com/loader.php?sid=attack&user2ID=1442848,https://github.com/OranWeb/tc-baldrs-levelling-list/blob/master/data.json | https://torn.netgangster.com/Targets.html
1585548,mkds,19,1800,,,,,1800,,1,Net Gangster Legacy List 1,1,,false,,1800 [Compiled input],https://www.torn.com/profiles.php?XID=1585548,https://www.torn.com/loader.php?sid=attack&user2ID=1585548,https://torn.netgangster.com/Targets.html
,-harvey-,19,2000,,,,,,825,1,Just Another Hitlist,,"1,000-10,000",false,,2000 [Just Another Hitlist],https://www.torn.com/profiles.php?NID=-harvey-,,https://www.torn.com/forums.php#/p=threads&f=61&t=16280317&b=0&a=0
,Immense,19,7040,,,,,,825,1,Just Another Hitlist,,"1,000-10,000",false,,7040 [Just Another Hitlist],https://www.torn.com/profiles.php?NID=Immense,,https://www.torn.com/forums.php#/p=threads&f=61&t=16280317&b=0&a=0
,Massano,19,17500,,,,,,825,1,Just Another Hitlist,,"10,000-100,000",false,,17500 [Just Another Hitlist],https://www.torn.com/profiles.php?NID=Massano,,https://www.torn.com/forums.php#/p=threads&f=61&t=16280317&b=0&a=0
,-JessicA,19,23800,,,,,,825,1,Just Another Hitlist,,"10,000-100,000",false,,23800 [Just Another Hitlist],https://www.torn.com/profiles.php?NID=-JessicA,,https://www.torn.com/forums.php#/p=threads&f=61&t=16280317&b=0&a=0
,MarIboro,19,36000,,,,,,825,1,Just Another Hitlist,,"10,000-100,000",false,,36000 [Just Another Hitlist],https://www.torn.com/profiles.php?NID=MarIboro,,https://www.torn.com/forums.php#/p=threads&f=61&t=16280317&b=0&a=0
544507,-TaXIon-,19,,,,,,,,1,Net Gangster Legacy List 5,5,,false,,,https://www.torn.com/profiles.php?XID=544507,https://www.torn.com/loader.php?sid=attack&user2ID=544507,https://torn.netgangster.com/Targets.html
1016527,1016527,19,,,,,,,,1,Net Gangster Legacy List 6,6,,false,,,https://www.torn.com/profiles.php?XID=1016527,https://www.torn.com/loader.php?sid=attack&user2ID=1016527,https://torn.netgangster.com/Targets.html
1456488,1456488,19,,,,,,,,1,Net Gangster Legacy List 7,7,,false,,,https://www.torn.com/profiles.php?XID=1456488,https://www.torn.com/loader.php?sid=attack&user2ID=1456488,https://torn.netgangster.com/Targets.html
1419601,BiGBusH,19,,,,,,,,1,Net Gangster Legacy List 10,10,,false,,,https://www.torn.com/profiles.php?XID=1419601,https://www.torn.com/loader.php?sid=attack&user2ID=1419601,https://torn.netgangster.com/Targets.html
1292835,blueyesd2,19,,,,,,,,1,Net Gangster Legacy List 11,11,,false,,,https://www.torn.com/profiles.php?XID=1292835,https://www.torn.com/loader.php?sid=attack&user2ID=1292835,https://torn.netgangster.com/Targets.html
1192940,davey1,19,,,,,,,,1,Net Gangster Legacy List 3,3,,false,,,https://www.torn.com/profiles.php?XID=1192940,https://www.torn.com/loader.php?sid=attack&user2ID=1192940,https://torn.netgangster.com/Targets.html
1319741,Demonic_Boss,19,,,,,,,,1,Net Gangster Legacy List 4,4,,false,,,https://www.torn.com/profiles.php?XID=1319741,https://www.torn.com/loader.php?sid=attack&user2ID=1319741,https://torn.netgangster.com/Targets.html
1587912,gillani,19,,,,,,,,1,Net Gangster Legacy List 13,13,,false,,,https://www.torn.com/profiles.php?XID=1587912,https://www.torn.com/loader.php?sid=attack&user2ID=1587912,https://torn.netgangster.com/Targets.html
1126022,Hafizin,19,,,,,,,,1,Net Gangster Legacy List 2,2,,false,,,https://www.torn.com/profiles.php?XID=1126022,https://www.torn.com/loader.php?sid=attack&user2ID=1126022,https://torn.netgangster.com/Targets.html
625140,haflife678,19,,,,,,,,1,Net Gangster Legacy List 3,3,,false,,,https://www.torn.com/profiles.php?XID=625140,https://www.torn.com/loader.php?sid=attack&user2ID=625140,https://torn.netgangster.com/Targets.html
1444827,Hasnain10,19,,,,,,,,1,Net Gangster Legacy List 4,4,,false,,,https://www.torn.com/profiles.php?XID=1444827,https://www.torn.com/loader.php?sid=attack&user2ID=1444827,https://torn.netgangster.com/Targets.html
1008675,hiromishi,19,,,,,,,,1,Net Gangster Legacy List 5,5,,false,,,https://www.torn.com/profiles.php?XID=1008675,https://www.torn.com/loader.php?sid=attack&user2ID=1008675,https://torn.netgangster.com/Targets.html
1496364,hznaing,19,,,,,,,,1,Net Gangster Legacy List 6,6,,false,,,https://www.torn.com/profiles.php?XID=1496364,https://www.torn.com/loader.php?sid=attack&user2ID=1496364,https://torn.netgangster.com/Targets.html
1411346,Jane_x,19,,,,,,,,1,Net Gangster Legacy List 7,7,,false,,,https://www.torn.com/profiles.php?XID=1411346,https://www.torn.com/loader.php?sid=attack&user2ID=1411346,https://torn.netgangster.com/Targets.html
892496,jf99,19,,,,,,,,1,Net Gangster Legacy List 8,8,,false,,,https://www.torn.com/profiles.php?XID=892496,https://www.torn.com/loader.php?sid=attack&user2ID=892496,https://torn.netgangster.com/Targets.html
897513,johnnyboy360,19,,,,,,,,1,Net Gangster Legacy List 9,9,,false,,,https://www.torn.com/profiles.php?XID=897513,https://www.torn.com/loader.php?sid=attack&user2ID=897513,https://torn.netgangster.com/Targets.html
991303,LEE4EVA,19,,,,,,,,1,Net Gangster Legacy List 10,10,,false,,,https://www.torn.com/profiles.php?XID=991303,https://www.torn.com/loader.php?sid=attack&user2ID=991303,https://torn.netgangster.com/Targets.html
1378993,lissa,19,,,,,,,,1,Net Gangster Legacy List 11,11,,false,,,https://www.torn.com/profiles.php?XID=1378993,https://www.torn.com/loader.php?sid=attack&user2ID=1378993,https://torn.netgangster.com/Targets.html
1276959,Mechwing,19,,,,,,,,1,Net Gangster Legacy List 12,12,,false,,,https://www.torn.com/profiles.php?XID=1276959,https://www.torn.com/loader.php?sid=attack&user2ID=1276959,https://torn.netgangster.com/Targets.html
1503929,Migos_Avo,19,,,,,,,,1,Net Gangster Legacy List 13,13,,false,,,https://www.torn.com/profiles.php?XID=1503929,https://www.torn.com/loader.php?sid=attack&user2ID=1503929,https://torn.netgangster.com/Targets.html
1417690,ninjak,19,,,,,,,,1,Net Gangster Legacy List 2,2,,false,,,https://www.torn.com/profiles.php?XID=1417690,https://www.torn.com/loader.php?sid=attack&user2ID=1417690,https://torn.netgangster.com/Targets.html
1177121,propaganda,19,,,,,,,,1,Net Gangster Legacy List 4,4,,false,,,https://www.torn.com/profiles.php?XID=1177121,https://www.torn.com/loader.php?sid=attack&user2ID=1177121,https://torn.netgangster.com/Targets.html
927486,Rell,19,,,,,,,,1,Net Gangster Legacy List 6,6,,false,,,https://www.torn.com/profiles.php?XID=927486,https://www.torn.com/loader.php?sid=attack&user2ID=927486,https://torn.netgangster.com/Targets.html
1314993,samjai88,19,,,,,,,,1,Net Gangster Legacy List 7,7,,false,,,https://www.torn.com/profiles.php?XID=1314993,https://www.torn.com/loader.php?sid=attack&user2ID=1314993,https://torn.netgangster.com/Targets.html
1182327,SexyPorn3214,19,,,,,,,,1,Net Gangster Legacy List 8,8,,false,,,https://www.torn.com/profiles.php?XID=1182327,https://www.torn.com/loader.php?sid=attack&user2ID=1182327,https://torn.netgangster.com/Targets.html
1100197,skullmaster,19,,,,,,,,1,Net Gangster Legacy List 9,9,,false,,,https://www.torn.com/profiles.php?XID=1100197,https://www.torn.com/loader.php?sid=attack&user2ID=1100197,https://torn.netgangster.com/Targets.html
463693,van-helsing,19,,,,,,,,1,Net Gangster Legacy List 10,10,,false,,,https://www.torn.com/profiles.php?XID=463693,https://www.torn.com/loader.php?sid=attack&user2ID=463693,https://torn.netgangster.com/Targets.html
1028504,winfast,19,,,,,,,,1,Net Gangster Legacy List 11,11,,false,,,https://www.torn.com/profiles.php?XID=1028504,https://www.torn.com/loader.php?sid=attack&user2ID=1028504,https://torn.netgangster.com/Targets.html
1579922,woppers,19,,,,,,,,1,Net Gangster Legacy List 12,12,,false,,,https://www.torn.com/profiles.php?XID=1579922,https://www.torn.com/loader.php?sid=attack&user2ID=1579922,https://torn.netgangster.com/Targets.html
847697,yurin8,19,,,,,,,,1,Net Gangster Legacy List 13,13,,false,,,https://www.torn.com/profiles.php?XID=847697,https://www.torn.com/loader.php?sid=attack&user2ID=847697,https://torn.netgangster.com/Targets.html
1310228,zzulzz,19,,,,,,,,1,Net Gangster Legacy List 2,2,,false,,,https://www.torn.com/profiles.php?XID=1310228,https://www.torn.com/loader.php?sid=attack&user2ID=1310228,https://torn.netgangster.com/Targets.html
610742,alison_angel,18,59,,,,,59,,1,Slinkies Hitlist,,,false,,59 [Compiled input],https://www.torn.com/profiles.php?XID=610742,https://www.torn.com/loader.php?sid=attack&user2ID=610742,https://docs.google.com/spreadsheets/d/1rFHSPkemKPieolxeps8Wvwxd28P9zqTN3kkD75-RDqw/edit
1302033,georgebighead,18,59,,,,,59,,1,Slinkies Hitlist,,,false,,59 [Compiled input],https://www.torn.com/profiles.php?XID=1302033,https://www.torn.com/loader.php?sid=attack&user2ID=1302033,https://docs.google.com/spreadsheets/d/1rFHSPkemKPieolxeps8Wvwxd28P9zqTN3kkD75-RDqw/edit
1324504,ClayDude,18,67,,,,,67,,2,Net Gangster Legacy List 13 | Slinkies Hitlist,13,,false,,67 [Compiled input],https://www.torn.com/profiles.php?XID=1324504,https://www.torn.com/loader.php?sid=attack&user2ID=1324504,https://docs.google.com/spreadsheets/d/1rFHSPkemKPieolxeps8Wvwxd28P9zqTN3kkD75-RDqw/edit | https://torn.netgangster.com/Targets.html
1432102,vuyo,18,75,,,,,75,,2,Net Gangster Legacy List 3 | Slinkies Hitlist,3,,false,,75 [Compiled input],https://www.torn.com/profiles.php?XID=1432102,https://www.torn.com/loader.php?sid=attack&user2ID=1432102,https://docs.google.com/spreadsheets/d/1rFHSPkemKPieolxeps8Wvwxd28P9zqTN3kkD75-RDqw/edit | https://torn.netgangster.com/Targets.html
1366126,Boo12,18,84,,,,,84,,2,Net Gangster Legacy List 10 | Slinkies Hitlist,10,,false,,84 [Compiled input],https://www.torn.com/profiles.php?XID=1366126,https://www.torn.com/loader.php?sid=attack&user2ID=1366126,https://docs.google.com/spreadsheets/d/1rFHSPkemKPieolxeps8Wvwxd28P9zqTN3kkD75-RDqw/edit | https://torn.netgangster.com/Targets.html
894991,daniel0434,18,84,,,,,84,,2,Net Gangster Legacy List 4 | Slinkies Hitlist,4,,false,,84 [Compiled input],https://www.torn.com/profiles.php?XID=894991,https://www.torn.com/loader.php?sid=attack&user2ID=894991,https://docs.google.com/spreadsheets/d/1rFHSPkemKPieolxeps8Wvwxd28P9zqTN3kkD75-RDqw/edit | https://torn.netgangster.com/Targets.html
1330125,ghostbusterz13,18,84,,,,,84,,2,Net Gangster Legacy List 10 | Slinkies Hitlist,10,,false,,84 [Compiled input],https://www.torn.com/profiles.php?XID=1330125,https://www.torn.com/loader.php?sid=attack&user2ID=1330125,https://docs.google.com/spreadsheets/d/1rFHSPkemKPieolxeps8Wvwxd28P9zqTN3kkD75-RDqw/edit | https://torn.netgangster.com/Targets.html
1453389,kaison13,18,84,,,,,84,,2,Net Gangster Legacy List 12 | Slinkies Hitlist,12,,false,,84 [Compiled input],https://www.torn.com/profiles.php?XID=1453389,https://www.torn.com/loader.php?sid=attack&user2ID=1453389,https://docs.google.com/spreadsheets/d/1rFHSPkemKPieolxeps8Wvwxd28P9zqTN3kkD75-RDqw/edit | https://torn.netgangster.com/Targets.html
1396936,kirstie76,18,84,,,,,84,,2,Net Gangster Legacy List 2 | Slinkies Hitlist,2,,false,,84 [Compiled input],https://www.torn.com/profiles.php?XID=1396936,https://www.torn.com/loader.php?sid=attack&user2ID=1396936,https://docs.google.com/spreadsheets/d/1rFHSPkemKPieolxeps8Wvwxd28P9zqTN3kkD75-RDqw/edit | https://torn.netgangster.com/Targets.html
1364960,superspooky12,18,84,,,,,84,,2,Net Gangster Legacy List 8 | Slinkies Hitlist,8,,false,,84 [Compiled input],https://www.torn.com/profiles.php?XID=1364960,https://www.torn.com/loader.php?sid=attack&user2ID=1364960,https://docs.google.com/spreadsheets/d/1rFHSPkemKPieolxeps8Wvwxd28P9zqTN3kkD75-RDqw/edit | https://torn.netgangster.com/Targets.html
1361202,vampire1996,18,84,,,,,84,,2,Net Gangster Legacy List 1 | Slinkies Hitlist,1,,true,67 | 84,67 [Compiled input alternate]; 84 [Compiled input + Compiled input alternate],https://www.torn.com/profiles.php?XID=1361202,https://www.torn.com/loader.php?sid=attack&user2ID=1361202,https://docs.google.com/spreadsheets/d/1rFHSPkemKPieolxeps8Wvwxd28P9zqTN3kkD75-RDqw/edit | https://torn.netgangster.com/Targets.html
668482,firelordflame,18,94,,,,,94,,1,Slinkies Hitlist,,,false,,94 [Compiled input],https://www.torn.com/profiles.php?XID=668482,https://www.torn.com/loader.php?sid=attack&user2ID=668482,https://docs.google.com/spreadsheets/d/1rFHSPkemKPieolxeps8Wvwxd28P9zqTN3kkD75-RDqw/edit
1395728,kyro56,18,94,,,,,94,,2,Net Gangster Legacy List 3 | Slinkies Hitlist,3,,false,,94 [Compiled input],https://www.torn.com/profiles.php?XID=1395728,https://www.torn.com/loader.php?sid=attack&user2ID=1395728,https://docs.google.com/spreadsheets/d/1rFHSPkemKPieolxeps8Wvwxd28P9zqTN3kkD75-RDqw/edit | https://torn.netgangster.com/Targets.html
,lun471k,18,150,,,,,,775,1,Just Another Hitlist,,"under 1,000",false,,150 [Just Another Hitlist],https://www.torn.com/profiles.php?NID=lun471k,,https://www.torn.com/forums.php#/p=threads&f=61&t=16280317&b=0&a=0
1180502,Keplex,18,190,,,,,190,,1,Net Gangster Legacy List 1,1,,false,,190 [Compiled input],https://www.torn.com/profiles.php?XID=1180502,https://www.torn.com/loader.php?sid=attack&user2ID=1180502,https://torn.netgangster.com/Targets.html
577266,Razgriz23,18,481,,,,,481,,1,Net Gangster Legacy List 1,1,,false,,481 [Compiled input],https://www.torn.com/profiles.php?XID=577266,https://www.torn.com/loader.php?sid=attack&user2ID=577266,https://torn.netgangster.com/Targets.html
842230,collector,18,845,,,,,845,,1,Net Gangster Legacy List 1,1,,false,,845 [Compiled input],https://www.torn.com/profiles.php?XID=842230,https://www.torn.com/loader.php?sid=attack&user2ID=842230,https://torn.netgangster.com/Targets.html
,ajc79813,18,2250,,,,,,775,1,Just Another Hitlist,,"1,000-10,000",false,,2250 [Just Another Hitlist],https://www.torn.com/profiles.php?NID=ajc79813,,https://www.torn.com/forums.php#/p=threads&f=61&t=16280317&b=0&a=0
,NMPhotoGuy,18,5010,,,,,,775,1,Just Another Hitlist,,"1,000-10,000",false,,5010 [Just Another Hitlist],https://www.torn.com/profiles.php?NID=NMPhotoGuy,,https://www.torn.com/forums.php#/p=threads&f=61&t=16280317&b=0&a=0
,gigatare,18,6830,,,,,,775,1,Just Another Hitlist,,"1,000-10,000",false,,6830 [Just Another Hitlist],https://www.torn.com/profiles.php?NID=gigatare,,https://www.torn.com/forums.php#/p=threads&f=61&t=16280317&b=0&a=0
,Faramir,18,7200,,,,,,775,1,Just Another Hitlist,,"1,000-10,000",false,,7200 [Just Another Hitlist],https://www.torn.com/profiles.php?NID=Faramir,,https://www.torn.com/forums.php#/p=threads&f=61&t=16280317&b=0&a=0
,MegaLolz,18,7670,,,,,,775,1,Just Another Hitlist,,"1,000-10,000",false,,7670 [Just Another Hitlist],https://www.torn.com/profiles.php?NID=MegaLolz,,https://www.torn.com/forums.php#/p=threads&f=61&t=16280317&b=0&a=0
,DestinyFreedom,18,8950,,,,,,775,1,Just Another Hitlist,,"1,000-10,000",false,,8950 [Just Another Hitlist],https://www.torn.com/profiles.php?NID=DestinyFreedom,,https://www.torn.com/forums.php#/p=threads&f=61&t=16280317&b=0&a=0
,Li4m79,18,10330,,,,,,775,1,Just Another Hitlist,,"10,000-100,000",false,,10330 [Just Another Hitlist],https://www.torn.com/profiles.php?NID=Li4m79,,https://www.torn.com/forums.php#/p=threads&f=61&t=16280317&b=0&a=0
,Nihil,18,11300,,,,,,775,1,Just Another Hitlist,,"10,000-100,000",false,,11300 [Just Another Hitlist],https://www.torn.com/profiles.php?NID=Nihil,,https://www.torn.com/forums.php#/p=threads&f=61&t=16280317&b=0&a=0
,Ryoko,18,11700,,,,,,775,1,Just Another Hitlist,,"10,000-100,000",false,,11700 [Just Another Hitlist],https://www.torn.com/profiles.php?NID=Ryoko,,https://www.torn.com/forums.php#/p=threads&f=61&t=16280317&b=0&a=0
,legendarykillrH,18,12300,,,,,,852,1,Just Another Hitlist,,"10,000-100,000",false,,12300 [Just Another Hitlist],https://www.torn.com/profiles.php?NID=legendarykillrH,,https://www.torn.com/forums.php#/p=threads&f=61&t=16280317&b=0&a=0
,Baby_Yoda,18,18300,,,,,,775,1,Just Another Hitlist,,"10,000-100,000",false,,18300 [Just Another Hitlist],https://www.torn.com/profiles.php?NID=Baby_Yoda,,https://www.torn.com/forums.php#/p=threads&f=61&t=16280317&b=0&a=0
,ulithian,18,20000,,,,,,775,1,Just Another Hitlist,,"10,000-100,000",false,,20000 [Just Another Hitlist],https://www.torn.com/profiles.php?NID=ulithian,,https://www.torn.com/forums.php#/p=threads&f=61&t=16280317&b=0&a=0
,Pilagrim1,18,22300,,,,,,813,1,Just Another Hitlist,,"10,000-100,000",false,,22300 [Just Another Hitlist],https://www.torn.com/profiles.php?NID=Pilagrim1,,https://www.torn.com/forums.php#/p=threads&f=61&t=16280317&b=0&a=0
,__ika__,18,26000,,,,,,775,1,Just Another Hitlist,,"10,000-100,000",false,,26000 [Just Another Hitlist],https://www.torn.com/profiles.php?NID=__ika__,,https://www.torn.com/forums.php#/p=threads&f=61&t=16280317&b=0&a=0
1378016,1378016,18,,,,,,,,1,Net Gangster Legacy List 6,6,,false,,,https://www.torn.com/profiles.php?XID=1378016,https://www.torn.com/loader.php?sid=attack&user2ID=1378016,https://torn.netgangster.com/Targets.html
915359,4srd4,18,,,,,,,,1,Net Gangster Legacy List 7,7,,false,,,https://www.torn.com/profiles.php?XID=915359,https://www.torn.com/loader.php?sid=attack&user2ID=915359,https://torn.netgangster.com/Targets.html
1143714,Adri99,18,,,,,,,,1,Net Gangster Legacy List 8,8,,false,,,https://www.torn.com/profiles.php?XID=1143714,https://www.torn.com/loader.php?sid=attack&user2ID=1143714,https://torn.netgangster.com/Targets.html
1323153,batod,18,,,,,,,,1,Net Gangster Legacy List 9,9,,false,,,https://www.torn.com/profiles.php?XID=1323153,https://www.torn.com/loader.php?sid=attack&user2ID=1323153,https://torn.netgangster.com/Targets.html
959900,captain_toshiro,18,,,,,,,,1,Net Gangster Legacy List 11,11,,false,,,https://www.torn.com/profiles.php?XID=959900,https://www.torn.com/loader.php?sid=attack&user2ID=959900,https://torn.netgangster.com/Targets.html
1372526,chck152,18,,,,,,,,1,Net Gangster Legacy List 12,12,,false,,,https://www.torn.com/profiles.php?XID=1372526,https://www.torn.com/loader.php?sid=attack&user2ID=1372526,https://torn.netgangster.com/Targets.html
707693,cornick96,18,,,,,,,,1,Net Gangster Legacy List 2,2,,false,,,https://www.torn.com/profiles.php?XID=707693,https://www.torn.com/loader.php?sid=attack&user2ID=707693,https://torn.netgangster.com/Targets.html
1359643,DA_J,18,,,,,,,,1,Net Gangster Legacy List 3,3,,false,,,https://www.torn.com/profiles.php?XID=1359643,https://www.torn.com/loader.php?sid=attack&user2ID=1359643,https://torn.netgangster.com/Targets.html
622374,dark_zodiac7,18,,,,,,,,1,Net Gangster Legacy List 5,5,,false,,,https://www.torn.com/profiles.php?XID=622374,https://www.torn.com/loader.php?sid=attack&user2ID=622374,https://torn.netgangster.com/Targets.html
1507158,David_O_Hara,18,,,,,,,,1,Net Gangster Legacy List 6,6,,false,,,https://www.torn.com/profiles.php?XID=1507158,https://www.torn.com/loader.php?sid=attack&user2ID=1507158,https://torn.netgangster.com/Targets.html
959589,Dejanone,18,,,,,,,,1,Net Gangster Legacy List 7,7,,false,,,https://www.torn.com/profiles.php?XID=959589,https://www.torn.com/loader.php?sid=attack&user2ID=959589,https://torn.netgangster.com/Targets.html
1450441,Devil-kid364,18,,,,,,,,1,Net Gangster Legacy List 8,8,,false,,,https://www.torn.com/profiles.php?XID=1450441,https://www.torn.com/loader.php?sid=attack&user2ID=1450441,https://torn.netgangster.com/Targets.html
1522670,fahy,18,,,,,,,,1,Net Gangster Legacy List 9,9,,false,,,https://www.torn.com/profiles.php?XID=1522670,https://www.torn.com/loader.php?sid=attack&user2ID=1522670,https://torn.netgangster.com/Targets.html
1318542,indicator34,18,,,,,,,,1,Net Gangster Legacy List 11,11,,false,,,https://www.torn.com/profiles.php?XID=1318542,https://www.torn.com/loader.php?sid=attack&user2ID=1318542,https://torn.netgangster.com/Targets.html
1263433,Kamran12345,18,,,,,,,,1,Net Gangster Legacy List 13,13,,false,,,https://www.torn.com/profiles.php?XID=1263433,https://www.torn.com/loader.php?sid=attack&user2ID=1263433,https://torn.netgangster.com/Targets.html
1002887,lamborghini1,18,,,,,,,,1,Net Gangster Legacy List 4,4,,false,,,https://www.torn.com/profiles.php?XID=1002887,https://www.torn.com/loader.php?sid=attack&user2ID=1002887,https://torn.netgangster.com/Targets.html
1615564,littlewillow93,18,,,,,,,,1,Net Gangster Legacy List 5,5,,false,,,https://www.torn.com/profiles.php?XID=1615564,https://www.torn.com/loader.php?sid=attack&user2ID=1615564,https://torn.netgangster.com/Targets.html
1344597,maran10,18,,,,,,,,1,Net Gangster Legacy List 6,6,,false,,,https://www.torn.com/profiles.php?XID=1344597,https://www.torn.com/loader.php?sid=attack&user2ID=1344597,https://torn.netgangster.com/Targets.html
1653000,MikeIser,18,,,,,,,,1,Net Gangster Legacy List 7,7,,false,,,https://www.torn.com/profiles.php?XID=1653000,https://www.torn.com/loader.php?sid=attack&user2ID=1653000,https://torn.netgangster.com/Targets.html
1127462,mizukava,18,,,,,,,,1,Net Gangster Legacy List 8,8,,false,,,https://www.torn.com/profiles.php?XID=1127462,https://www.torn.com/loader.php?sid=attack&user2ID=1127462,https://torn.netgangster.com/Targets.html
860699,noelx,18,,,,,,,,1,Net Gangster Legacy List 9,9,,false,,,https://www.torn.com/profiles.php?XID=860699,https://www.torn.com/loader.php?sid=attack&user2ID=860699,https://torn.netgangster.com/Targets.html
1278240,oR3CKLESSo,18,,,,,,,,1,Net Gangster Legacy List 10,10,,false,,,https://www.torn.com/profiles.php?XID=1278240,https://www.torn.com/loader.php?sid=attack&user2ID=1278240,https://torn.netgangster.com/Targets.html
1029850,porn_lover_1,18,,,,,,,,1,Net Gangster Legacy List 11,11,,false,,,https://www.torn.com/profiles.php?XID=1029850,https://www.torn.com/loader.php?sid=attack&user2ID=1029850,https://torn.netgangster.com/Targets.html
1838978,raavynshroud,18,,,,,,,,1,Net Gangster Legacy List 12,12,,false,,,https://www.torn.com/profiles.php?XID=1838978,https://www.torn.com/loader.php?sid=attack&user2ID=1838978,https://torn.netgangster.com/Targets.html
1210466,rambo85,18,,,,,,,,1,Net Gangster Legacy List 13,13,,false,,,https://www.torn.com/profiles.php?XID=1210466,https://www.torn.com/loader.php?sid=attack&user2ID=1210466,https://torn.netgangster.com/Targets.html
1005018,REBELNO1,18,,,,,,,,1,Net Gangster Legacy List 2,2,,false,,,https://www.torn.com/profiles.php?XID=1005018,https://www.torn.com/loader.php?sid=attack&user2ID=1005018,https://torn.netgangster.com/Targets.html
931844,REBELPRIDE,18,,,,,,,,1,Net Gangster Legacy List 3,3,,false,,,https://www.torn.com/profiles.php?XID=931844,https://www.torn.com/loader.php?sid=attack&user2ID=931844,https://torn.netgangster.com/Targets.html
986909,saltypuma,18,,,,,,,,1,Net Gangster Legacy List 4,4,,false,,,https://www.torn.com/profiles.php?XID=986909,https://www.torn.com/loader.php?sid=attack&user2ID=986909,https://torn.netgangster.com/Targets.html
920457,Slicker,18,,,,,,,,1,Net Gangster Legacy List 5,5,,false,,,https://www.torn.com/profiles.php?XID=920457,https://www.torn.com/loader.php?sid=attack&user2ID=920457,https://torn.netgangster.com/Targets.html
891128,spooner911,18,,,,,,,,1,Net Gangster Legacy List 6,6,,false,,,https://www.torn.com/profiles.php?XID=891128,https://www.torn.com/loader.php?sid=attack&user2ID=891128,https://torn.netgangster.com/Targets.html
1407137,Stalehell,18,,,,,,,,1,Net Gangster Legacy List 7,7,,false,,,https://www.torn.com/profiles.php?XID=1407137,https://www.torn.com/loader.php?sid=attack&user2ID=1407137,https://torn.netgangster.com/Targets.html
1518359,ThePrinnyMaster,18,,,,,,,,1,Net Gangster Legacy List 9,9,,false,,,https://www.torn.com/profiles.php?XID=1518359,https://www.torn.com/loader.php?sid=attack&user2ID=1518359,https://torn.netgangster.com/Targets.html
782754,tigre195,18,,,,,,,,1,Net Gangster Legacy List 10,10,,false,,,https://www.torn.com/profiles.php?XID=782754,https://www.torn.com/loader.php?sid=attack&user2ID=782754,https://torn.netgangster.com/Targets.html
692386,tomm1001,18,,,,,,,,1,Net Gangster Legacy List 11,11,,false,,,https://www.torn.com/profiles.php?XID=692386,https://www.torn.com/loader.php?sid=attack&user2ID=692386,https://torn.netgangster.com/Targets.html
941021,TrickyRicky22,18,,,,,,,,1,Net Gangster Legacy List 12,12,,false,,,https://www.torn.com/profiles.php?XID=941021,https://www.torn.com/loader.php?sid=attack&user2ID=941021,https://torn.netgangster.com/Targets.html
1160497,tuanarif,18,,,,,,,,1,Net Gangster Legacy List 13,13,,false,,,https://www.torn.com/profiles.php?XID=1160497,https://www.torn.com/loader.php?sid=attack&user2ID=1160497,https://torn.netgangster.com/Targets.html
1418250,vnesh,18,,,,,,,,1,Net Gangster Legacy List 2,2,,false,,,https://www.torn.com/profiles.php?XID=1418250,https://www.torn.com/loader.php?sid=attack&user2ID=1418250,https://torn.netgangster.com/Targets.html
1606267,jakej96,17,51,,,,,51,,1,Slinkies Hitlist,,,false,,51 [Compiled input],https://www.torn.com/profiles.php?XID=1606267,https://www.torn.com/loader.php?sid=attack&user2ID=1606267,https://docs.google.com/spreadsheets/d/1rFHSPkemKPieolxeps8Wvwxd28P9zqTN3kkD75-RDqw/edit
2405369,ClosetRealtor,17,59,,,,,59,,1,Slinkies Hitlist,,,false,,59 [Compiled input],https://www.torn.com/profiles.php?XID=2405369,https://www.torn.com/loader.php?sid=attack&user2ID=2405369,https://docs.google.com/spreadsheets/d/1rFHSPkemKPieolxeps8Wvwxd28P9zqTN3kkD75-RDqw/edit
1835803,freaksh0w,17,67,,,,,67,,1,Slinkies Hitlist,,,false,,67 [Compiled input],https://www.torn.com/profiles.php?XID=1835803,https://www.torn.com/loader.php?sid=attack&user2ID=1835803,https://docs.google.com/spreadsheets/d/1rFHSPkemKPieolxeps8Wvwxd28P9zqTN3kkD75-RDqw/edit
554071,angelic_layer,17,75,,,,,75,,2,Net Gangster Legacy List 2 | Slinkies Hitlist,2,,false,,75 [Compiled input],https://www.torn.com/profiles.php?XID=554071,https://www.torn.com/loader.php?sid=attack&user2ID=554071,https://docs.google.com/spreadsheets/d/1rFHSPkemKPieolxeps8Wvwxd28P9zqTN3kkD75-RDqw/edit | https://torn.netgangster.com/Targets.html
1388057,bloodbones2,17,84,,,,,84,,2,Net Gangster Legacy List 6 | Slinkies Hitlist,6,,false,,84 [Compiled input],https://www.torn.com/profiles.php?XID=1388057,https://www.torn.com/loader.php?sid=attack&user2ID=1388057,https://docs.google.com/spreadsheets/d/1rFHSPkemKPieolxeps8Wvwxd28P9zqTN3kkD75-RDqw/edit | https://torn.netgangster.com/Targets.html
1480938,rjrules1231,17,84,,,,,84,,2,Net Gangster Legacy List 5 | Slinkies Hitlist,5,,false,,84 [Compiled input],https://www.torn.com/profiles.php?XID=1480938,https://www.torn.com/loader.php?sid=attack&user2ID=1480938,https://docs.google.com/spreadsheets/d/1rFHSPkemKPieolxeps8Wvwxd28P9zqTN3kkD75-RDqw/edit | https://torn.netgangster.com/Targets.html
1351922,whorree_mail_me,17,84,,,,,84,,2,Net Gangster Legacy List 3 | Slinkies Hitlist,3,,false,,84 [Compiled input],https://www.torn.com/profiles.php?XID=1351922,https://www.torn.com/loader.php?sid=attack&user2ID=1351922,https://docs.google.com/spreadsheets/d/1rFHSPkemKPieolxeps8Wvwxd28P9zqTN3kkD75-RDqw/edit | https://torn.netgangster.com/Targets.html
1936021,3nergyFull,17,94,,,,,94,,1,Slinkies Hitlist,,,false,,94 [Compiled input],https://www.torn.com/profiles.php?XID=1936021,https://www.torn.com/loader.php?sid=attack&user2ID=1936021,https://docs.google.com/spreadsheets/d/1rFHSPkemKPieolxeps8Wvwxd28P9zqTN3kkD75-RDqw/edit
2359540,Airforcegabbone,17,94,,,,,94,,1,Slinkies Hitlist,,,false,,94 [Compiled input],https://www.torn.com/profiles.php?XID=2359540,https://www.torn.com/loader.php?sid=attack&user2ID=2359540,https://docs.google.com/spreadsheets/d/1rFHSPkemKPieolxeps8Wvwxd28P9zqTN3kkD75-RDqw/edit
430622,Braskius,17,113,10,10,80,13,113,,2,Baldr's List 3 | Net Gangster Legacy List 8,8,,false,,113 [Compiled input + Net Gangster Legacy List 8],https://www.torn.com/profiles.php?XID=430622,https://www.torn.com/loader.php?sid=attack&user2ID=430622,https://github.com/OranWeb/tc-baldrs-levelling-list/blob/master/data.json | https://torn.netgangster.com/Targets.html
1414611,tramel,17,163,,,,,163,,1,Net Gangster Legacy List 1,1,,false,,163 [Compiled input],https://www.torn.com/profiles.php?XID=1414611,https://www.torn.com/loader.php?sid=attack&user2ID=1414611,https://torn.netgangster.com/Targets.html
1294027,playername2,17,176,,,,,176,,1,Net Gangster Legacy List 1,1,,false,,176 [Compiled input],https://www.torn.com/profiles.php?XID=1294027,https://www.torn.com/loader.php?sid=attack&user2ID=1294027,https://torn.netgangster.com/Targets.html
1394290,fathead,17,217,57,52,52,56,217,,2,Baldr's List 3 | Net Gangster Legacy List 5,5,,false,,217 [Compiled input + Net Gangster Legacy List 5],https://www.torn.com/profiles.php?XID=1394290,https://www.torn.com/loader.php?sid=attack&user2ID=1394290,https://github.com/OranWeb/tc-baldrs-levelling-list/blob/master/data.json | https://torn.netgangster.com/Targets.html
1430463,Ddogd,17,250,,,,,250,,1,Net Gangster Legacy List 1,1,,false,,250 [Compiled input],https://www.torn.com/profiles.php?XID=1430463,https://www.torn.com/loader.php?sid=attack&user2ID=1430463,https://torn.netgangster.com/Targets.html
910129,supriani,17,390,,,,,,725,2,Just Another Hitlist | Net Gangster Legacy List 13,13,"under 1,000",false,,390 [Just Another Hitlist],https://www.torn.com/profiles.php?XID=910129,https://www.torn.com/loader.php?sid=attack&user2ID=910129,https://torn.netgangster.com/Targets.html | https://www.torn.com/forums.php#/p=threads&f=61&t=16280317&b=0&a=0
,takeuchi,17,680,,,,,,725,1,Just Another Hitlist,,"under 1,000",false,,680 [Just Another Hitlist],https://www.torn.com/profiles.php?NID=takeuchi,,https://www.torn.com/forums.php#/p=threads&f=61&t=16280317&b=0&a=0
1366498,adeolu,17,1200,,,,,1200,,1,Net Gangster Legacy List 1,1,,false,,1200 [Compiled input],https://www.torn.com/profiles.php?XID=1366498,https://www.torn.com/loader.php?sid=attack&user2ID=1366498,https://torn.netgangster.com/Targets.html
1633017,Khevlar,17,1500,,,,,1500,,1,Net Gangster Legacy List 1,1,,false,,1500 [Compiled input],https://www.torn.com/profiles.php?XID=1633017,https://www.torn.com/loader.php?sid=attack&user2ID=1633017,https://torn.netgangster.com/Targets.html
,ChrisMadeMeDoIt,17,1930,,,,,,725,1,Just Another Hitlist,,"1,000-10,000",false,,1930 [Just Another Hitlist],https://www.torn.com/profiles.php?NID=ChrisMadeMeDoIt,,https://www.torn.com/forums.php#/p=threads&f=61&t=16280317&b=0&a=0
,Anaksunamun,17,5020,,,,,,725,1,Just Another Hitlist,,"1,000-10,000",false,,5020 [Just Another Hitlist],https://www.torn.com/profiles.php?NID=Anaksunamun,,https://www.torn.com/forums.php#/p=threads&f=61&t=16280317&b=0&a=0
,ToddHoward,17,5310,,,,,,725,1,Just Another Hitlist,,"1,000-10,000",false,,5310 [Just Another Hitlist],https://www.torn.com/profiles.php?NID=ToddHoward,,https://www.torn.com/forums.php#/p=threads&f=61&t=16280317&b=0&a=0
,Mischa,17,6520,,,,,,725,1,Just Another Hitlist,,"1,000-10,000",false,,6520 [Just Another Hitlist],https://www.torn.com/profiles.php?NID=Mischa,,https://www.torn.com/forums.php#/p=threads&f=61&t=16280317&b=0&a=0
,Mitsai,17,7990,,,,,,833,1,Just Another Hitlist,,"1,000-10,000",false,,7990 [Just Another Hitlist],https://www.torn.com/profiles.php?NID=Mitsai,,https://www.torn.com/forums.php#/p=threads&f=61&t=16280317&b=0&a=0
,KevinDontWave,17,12600,,,,,,797,1,Just Another Hitlist,,"10,000-100,000",false,,12600 [Just Another Hitlist],https://www.torn.com/profiles.php?NID=KevinDontWave,,https://www.torn.com/forums.php#/p=threads&f=61&t=16280317&b=0&a=0
,Dr_Banana,17,12900,,,,,,725,1,Just Another Hitlist,,"10,000-100,000",false,,12900 [Just Another Hitlist],https://www.torn.com/profiles.php?NID=Dr_Banana,,https://www.torn.com/forums.php#/p=threads&f=61&t=16280317&b=0&a=0
,Falkek,17,18700,,,,,,725,1,Just Another Hitlist,,"10,000-100,000",false,,18700 [Just Another Hitlist],https://www.torn.com/profiles.php?NID=Falkek,,https://www.torn.com/forums.php#/p=threads&f=61&t=16280317&b=0&a=0
,__lolipop_,17,20000,,,,,,725,1,Just Another Hitlist,,"10,000-100,000",false,,20000 [Just Another Hitlist],https://www.torn.com/profiles.php?NID=__lolipop_,,https://www.torn.com/forums.php#/p=threads&f=61&t=16280317&b=0&a=0
,UnguardedAce,17,26600,,,,,,725,1,Just Another Hitlist,,"10,000-100,000",false,,26600 [Just Another Hitlist],https://www.torn.com/profiles.php?NID=UnguardedAce,,https://www.torn.com/forums.php#/p=threads&f=61&t=16280317&b=0&a=0
1076252,1076252,17,,,,,,,,1,Net Gangster Legacy List 12,12,,false,,,https://www.torn.com/profiles.php?XID=1076252,https://www.torn.com/loader.php?sid=attack&user2ID=1076252,https://torn.netgangster.com/Targets.html
1180739,abdat,17,,,,,,,,1,Net Gangster Legacy List 13,13,,false,,,https://www.torn.com/profiles.php?XID=1180739,https://www.torn.com/loader.php?sid=attack&user2ID=1180739,https://torn.netgangster.com/Targets.html
1640818,Ansar007,17,,,,,,,,1,Net Gangster Legacy List 3,3,,false,,,https://www.torn.com/profiles.php?XID=1640818,https://www.torn.com/loader.php?sid=attack&user2ID=1640818,https://torn.netgangster.com/Targets.html
1344989,aylissapoe123,17,,,,,,,,1,Net Gangster Legacy List 4,4,,false,,,https://www.torn.com/profiles.php?XID=1344989,https://www.torn.com/loader.php?sid=attack&user2ID=1344989,https://torn.netgangster.com/Targets.html
953916,bgkane,17,,,,,,,,1,Net Gangster Legacy List 5,5,,false,,,https://www.torn.com/profiles.php?XID=953916,https://www.torn.com/loader.php?sid=attack&user2ID=953916,https://torn.netgangster.com/Targets.html
1761784,bluezytrax,17,,,,,,,,1,Net Gangster Legacy List 7,7,,false,,,https://www.torn.com/profiles.php?XID=1761784,https://www.torn.com/loader.php?sid=attack&user2ID=1761784,https://torn.netgangster.com/Targets.html
929846,breshizzle,17,,,,,,,,1,Net Gangster Legacy List 9,9,,false,,,https://www.torn.com/profiles.php?XID=929846,https://www.torn.com/loader.php?sid=attack&user2ID=929846,https://torn.netgangster.com/Targets.html
1953658,chick-mail,17,,,,,,,,1,Net Gangster Legacy List 10,10,,false,,,https://www.torn.com/profiles.php?XID=1953658,https://www.torn.com/loader.php?sid=attack&user2ID=1953658,https://torn.netgangster.com/Targets.html
1382773,cory3436,17,,,,,,,,1,Net Gangster Legacy List 11,11,,false,,,https://www.torn.com/profiles.php?XID=1382773,https://www.torn.com/loader.php?sid=attack&user2ID=1382773,https://torn.netgangster.com/Targets.html
1391700,cris12019,17,,,,,,,,1,Net Gangster Legacy List 12,12,,false,,,https://www.torn.com/profiles.php?XID=1391700,https://www.torn.com/loader.php?sid=attack&user2ID=1391700,https://torn.netgangster.com/Targets.html
1637848,DaaPoolee,17,,,,,,,,1,Net Gangster Legacy List 13,13,,false,,,https://www.torn.com/profiles.php?XID=1637848,https://www.torn.com/loader.php?sid=attack&user2ID=1637848,https://torn.netgangster.com/Targets.html
894920,Death-God,17,,,,,,,,1,Net Gangster Legacy List 2,2,,false,,,https://www.torn.com/profiles.php?XID=894920,https://www.torn.com/loader.php?sid=attack&user2ID=894920,https://torn.netgangster.com/Targets.html
1562767,dragonboy1818,17,,,,,,,,1,Net Gangster Legacy List 3,3,,false,,,https://www.torn.com/profiles.php?XID=1562767,https://www.torn.com/loader.php?sid=attack&user2ID=1562767,https://torn.netgangster.com/Targets.html
1274880,dxtriston,17,,,,,,,,1,Net Gangster Legacy List 4,4,,false,,,https://www.torn.com/profiles.php?XID=1274880,https://www.torn.com/loader.php?sid=attack&user2ID=1274880,https://torn.netgangster.com/Targets.html
977056,fraselharr,17,,,,,,,,1,Net Gangster Legacy List 6,6,,false,,,https://www.torn.com/profiles.php?XID=977056,https://www.torn.com/loader.php?sid=attack&user2ID=977056,https://torn.netgangster.com/Targets.html
1650510,harsh4sh,17,,,,,,,,1,Net Gangster Legacy List 7,7,,false,,,https://www.torn.com/profiles.php?XID=1650510,https://www.torn.com/loader.php?sid=attack&user2ID=1650510,https://torn.netgangster.com/Targets.html
1413606,HiMan,17,,,,,,,,1,Net Gangster Legacy List 8,8,,false,,,https://www.torn.com/profiles.php?XID=1413606,https://www.torn.com/loader.php?sid=attack&user2ID=1413606,https://torn.netgangster.com/Targets.html
1617171,Iain92,17,,,,,,,,1,Net Gangster Legacy List 9,9,,false,,,https://www.torn.com/profiles.php?XID=1617171,https://www.torn.com/loader.php?sid=attack&user2ID=1617171,https://torn.netgangster.com/Targets.html
1412894,IamBattersby97,17,,,,,,,,1,Net Gangster Legacy List 10,10,,false,,,https://www.torn.com/profiles.php?XID=1412894,https://www.torn.com/loader.php?sid=attack&user2ID=1412894,https://torn.netgangster.com/Targets.html
903170,icywicy,17,,,,,,,,1,Net Gangster Legacy List 11,11,,false,,,https://www.torn.com/profiles.php?XID=903170,https://www.torn.com/loader.php?sid=attack&user2ID=903170,https://torn.netgangster.com/Targets.html
1439606,JORROCKS,17,,,,,,,,1,Net Gangster Legacy List 12,12,,false,,,https://www.torn.com/profiles.php?XID=1439606,https://www.torn.com/loader.php?sid=attack&user2ID=1439606,https://torn.netgangster.com/Targets.html
886000,kandak,17,,,,,,,,1,Net Gangster Legacy List 13,13,,false,,,https://www.torn.com/profiles.php?XID=886000,https://www.torn.com/loader.php?sid=attack&user2ID=886000,https://torn.netgangster.com/Targets.html
586398,kwanner789,17,,,,,,,,1,Net Gangster Legacy List 2,2,,false,,,https://www.torn.com/profiles.php?XID=586398,https://www.torn.com/loader.php?sid=attack&user2ID=586398,https://torn.netgangster.com/Targets.html
1537904,laulord1999,17,,,,,,,,1,Net Gangster Legacy List 3,3,,false,,,https://www.torn.com/profiles.php?XID=1537904,https://www.torn.com/loader.php?sid=attack&user2ID=1537904,https://torn.netgangster.com/Targets.html
1009968,LawAbiding,17,,,,,,,,1,Net Gangster Legacy List 4,4,,false,,,https://www.torn.com/profiles.php?XID=1009968,https://www.torn.com/loader.php?sid=attack&user2ID=1009968,https://torn.netgangster.com/Targets.html
1300654,Liamsta,17,,,,,,,,1,Net Gangster Legacy List 5,5,,false,,,https://www.torn.com/profiles.php?XID=1300654,https://www.torn.com/loader.php?sid=attack&user2ID=1300654,https://torn.netgangster.com/Targets.html
1457012,liljjwild,17,,,,,,,,1,Net Gangster Legacy List 6,6,,false,,,https://www.torn.com/profiles.php?XID=1457012,https://www.torn.com/loader.php?sid=attack&user2ID=1457012,https://torn.netgangster.com/Targets.html
1614478,Lockdog,17,,,,,,,,1,Net Gangster Legacy List 7,7,,false,,,https://www.torn.com/profiles.php?XID=1614478,https://www.torn.com/loader.php?sid=attack&user2ID=1614478,https://torn.netgangster.com/Targets.html
1164883,mckoyy,17,,,,,,,,1,Net Gangster Legacy List 8,8,,false,,,https://www.torn.com/profiles.php?XID=1164883,https://www.torn.com/loader.php?sid=attack&user2ID=1164883,https://torn.netgangster.com/Targets.html
1107790,minime09,17,,,,,,,,1,Net Gangster Legacy List 9,9,,false,,,https://www.torn.com/profiles.php?XID=1107790,https://www.torn.com/loader.php?sid=attack&user2ID=1107790,https://torn.netgangster.com/Targets.html
1490373,mukund,17,,,,,,,,1,Net Gangster Legacy List 10,10,,false,,,https://www.torn.com/profiles.php?XID=1490373,https://www.torn.com/loader.php?sid=attack&user2ID=1490373,https://torn.netgangster.com/Targets.html
1536219,Namgyal_154,17,,,,,,,,1,Net Gangster Legacy List 11,11,,false,,,https://www.torn.com/profiles.php?XID=1536219,https://www.torn.com/loader.php?sid=attack&user2ID=1536219,https://torn.netgangster.com/Targets.html
1618299,octopolis,17,,,,,,,,1,Net Gangster Legacy List 12,12,,false,,,https://www.torn.com/profiles.php?XID=1618299,https://www.torn.com/loader.php?sid=attack&user2ID=1618299,https://torn.netgangster.com/Targets.html
1364177,pancakes,17,,,,,,,,1,Net Gangster Legacy List 13,13,,false,,,https://www.torn.com/profiles.php?XID=1364177,https://www.torn.com/loader.php?sid=attack&user2ID=1364177,https://torn.netgangster.com/Targets.html
1471974,rebel6666,17,,,,,,,,1,Net Gangster Legacy List 2,2,,false,,,https://www.torn.com/profiles.php?XID=1471974,https://www.torn.com/loader.php?sid=attack&user2ID=1471974,https://torn.netgangster.com/Targets.html
1394118,Rida103,17,,,,,,,,1,Net Gangster Legacy List 3,3,,false,,,https://www.torn.com/profiles.php?XID=1394118,https://www.torn.com/loader.php?sid=attack&user2ID=1394118,https://torn.netgangster.com/Targets.html
691758,Ridrix,17,,,,,,,,1,Net Gangster Legacy List 4,4,,false,,,https://www.torn.com/profiles.php?XID=691758,https://www.torn.com/loader.php?sid=attack&user2ID=691758,https://torn.netgangster.com/Targets.html
908826,rosa115,17,,,,,,,,1,Net Gangster Legacy List 6,6,,false,,,https://www.torn.com/profiles.php?XID=908826,https://www.torn.com/loader.php?sid=attack&user2ID=908826,https://torn.netgangster.com/Targets.html
1636662,sara4callum10,17,,,,,,,,1,Net Gangster Legacy List 7,7,,false,,,https://www.torn.com/profiles.php?XID=1636662,https://www.torn.com/loader.php?sid=attack&user2ID=1636662,https://torn.netgangster.com/Targets.html
1359942,SgtRobertBenson,17,,,,,,,,1,Net Gangster Legacy List 8,8,,false,,,https://www.torn.com/profiles.php?XID=1359942,https://www.torn.com/loader.php?sid=attack&user2ID=1359942,https://torn.netgangster.com/Targets.html
1621641,Smokey101,17,,,,,,,,1,Net Gangster Legacy List 9,9,,false,,,https://www.torn.com/profiles.php?XID=1621641,https://www.torn.com/loader.php?sid=attack&user2ID=1621641,https://torn.netgangster.com/Targets.html
1574342,SpaceFace,17,,,,,,,,1,Net Gangster Legacy List 10,10,,false,,,https://www.torn.com/profiles.php?XID=1574342,https://www.torn.com/loader.php?sid=attack&user2ID=1574342,https://torn.netgangster.com/Targets.html
1317384,stidn,17,,,,,,,,1,Net Gangster Legacy List 11,11,,false,,,https://www.torn.com/profiles.php?XID=1317384,https://www.torn.com/loader.php?sid=attack&user2ID=1317384,https://torn.netgangster.com/Targets.html
1191400,suicide97,17,,,,,,,,1,Net Gangster Legacy List 12,12,,false,,,https://www.torn.com/profiles.php?XID=1191400,https://www.torn.com/loader.php?sid=attack&user2ID=1191400,https://torn.netgangster.com/Targets.html
1642185,vivian0300,17,,,,,,,,1,Net Gangster Legacy List 2,2,,false,,,https://www.torn.com/profiles.php?XID=1642185,https://www.torn.com/loader.php?sid=attack&user2ID=1642185,https://torn.netgangster.com/Targets.html
1520602,xXshabzyXx,17,,,,,,,,1,Net Gangster Legacy List 4,4,,false,,,https://www.torn.com/profiles.php?XID=1520602,https://www.torn.com/loader.php?sid=attack&user2ID=1520602,https://torn.netgangster.com/Targets.html
1306675,Zohe,17,,,,,,,,1,Net Gangster Legacy List 5,5,,false,,,https://www.torn.com/profiles.php?XID=1306675,https://www.torn.com/loader.php?sid=attack&user2ID=1306675,https://torn.netgangster.com/Targets.html
1322842,brav_92popo,16,44,,,,,44,,2,Net Gangster Legacy List 2 | Slinkies Hitlist,2,,false,,44 [Compiled input],https://www.torn.com/profiles.php?XID=1322842,https://www.torn.com/loader.php?sid=attack&user2ID=1322842,https://docs.google.com/spreadsheets/d/1rFHSPkemKPieolxeps8Wvwxd28P9zqTN3kkD75-RDqw/edit | https://torn.netgangster.com/Targets.html
1159391,1159391,16,59,,,,,59,,2,Net Gangster Legacy List 4 | Slinkies Hitlist,4,,false,,59 [Compiled input],https://www.torn.com/profiles.php?XID=1159391,https://www.torn.com/loader.php?sid=attack&user2ID=1159391,https://docs.google.com/spreadsheets/d/1rFHSPkemKPieolxeps8Wvwxd28P9zqTN3kkD75-RDqw/edit | https://torn.netgangster.com/Targets.html
585936,BETCH,16,59,,,,,59,,1,Slinkies Hitlist,,,false,,59 [Compiled input],https://www.torn.com/profiles.php?XID=585936,https://www.torn.com/loader.php?sid=attack&user2ID=585936,https://docs.google.com/spreadsheets/d/1rFHSPkemKPieolxeps8Wvwxd28P9zqTN3kkD75-RDqw/edit
929210,glamorous301,16,59,,,,,59,,2,Net Gangster Legacy List 6 | Slinkies Hitlist,6,,false,,59 [Compiled input],https://www.torn.com/profiles.php?XID=929210,https://www.torn.com/loader.php?sid=attack&user2ID=929210,https://docs.google.com/spreadsheets/d/1rFHSPkemKPieolxeps8Wvwxd28P9zqTN3kkD75-RDqw/edit | https://torn.netgangster.com/Targets.html
1025634,HayThi,16,59,,,,,59,,1,Slinkies Hitlist,,,false,,59 [Compiled input],https://www.torn.com/profiles.php?XID=1025634,https://www.torn.com/loader.php?sid=attack&user2ID=1025634,https://docs.google.com/spreadsheets/d/1rFHSPkemKPieolxeps8Wvwxd28P9zqTN3kkD75-RDqw/edit
1299741,pops11,16,59,,,,,59,,2,Net Gangster Legacy List 10 | Slinkies Hitlist,10,,false,,59 [Compiled input],https://www.torn.com/profiles.php?XID=1299741,https://www.torn.com/loader.php?sid=attack&user2ID=1299741,https://docs.google.com/spreadsheets/d/1rFHSPkemKPieolxeps8Wvwxd28P9zqTN3kkD75-RDqw/edit | https://torn.netgangster.com/Targets.html
1866895,__Something__,16,67,,,,,67,,1,Slinkies Hitlist,,,false,,67 [Compiled input],https://www.torn.com/profiles.php?XID=1866895,https://www.torn.com/loader.php?sid=attack&user2ID=1866895,https://docs.google.com/spreadsheets/d/1rFHSPkemKPieolxeps8Wvwxd28P9zqTN3kkD75-RDqw/edit
2048776,goddy1601,16,75,,,,,75,,1,Slinkies Hitlist,,,false,,75 [Compiled input],https://www.torn.com/profiles.php?XID=2048776,https://www.torn.com/loader.php?sid=attack&user2ID=2048776,https://docs.google.com/spreadsheets/d/1rFHSPkemKPieolxeps8Wvwxd28P9zqTN3kkD75-RDqw/edit
1280992,Johna,16,75,,,,,75,,2,Net Gangster Legacy List 13 | Slinkies Hitlist,13,,false,,75 [Compiled input],https://www.torn.com/profiles.php?XID=1280992,https://www.torn.com/loader.php?sid=attack&user2ID=1280992,https://docs.google.com/spreadsheets/d/1rFHSPkemKPieolxeps8Wvwxd28P9zqTN3kkD75-RDqw/edit | https://torn.netgangster.com/Targets.html
1547645,MUSLIMZ123,16,75,,,,,75,,2,Net Gangster Legacy List 3 | Slinkies Hitlist,3,,false,,75 [Compiled input],https://www.torn.com/profiles.php?XID=1547645,https://www.torn.com/loader.php?sid=attack&user2ID=1547645,https://docs.google.com/spreadsheets/d/1rFHSPkemKPieolxeps8Wvwxd28P9zqTN3kkD75-RDqw/edit | https://torn.netgangster.com/Targets.html
1864367,pumpkin316,16,75,,,,,75,,1,Slinkies Hitlist,,,false,,75 [Compiled input],https://www.torn.com/profiles.php?XID=1864367,https://www.torn.com/loader.php?sid=attack&user2ID=1864367,https://docs.google.com/spreadsheets/d/1rFHSPkemKPieolxeps8Wvwxd28P9zqTN3kkD75-RDqw/edit
1024614,Daishaun,16,84,,,,,84,,2,Net Gangster Legacy List 9 | Slinkies Hitlist,9,,false,,84 [Compiled input],https://www.torn.com/profiles.php?XID=1024614,https://www.torn.com/loader.php?sid=attack&user2ID=1024614,https://docs.google.com/spreadsheets/d/1rFHSPkemKPieolxeps8Wvwxd28P9zqTN3kkD75-RDqw/edit | https://torn.netgangster.com/Targets.html
1860748,Roragon,16,84,,,,,84,,1,Slinkies Hitlist,,,false,,84 [Compiled input],https://www.torn.com/profiles.php?XID=1860748,https://www.torn.com/loader.php?sid=attack&user2ID=1860748,https://docs.google.com/spreadsheets/d/1rFHSPkemKPieolxeps8Wvwxd28P9zqTN3kkD75-RDqw/edit
2046077,YOLER,16,84,,,,,84,,1,Slinkies Hitlist,,,false,,84 [Compiled input],https://www.torn.com/profiles.php?XID=2046077,https://www.torn.com/loader.php?sid=attack&user2ID=2046077,https://docs.google.com/spreadsheets/d/1rFHSPkemKPieolxeps8Wvwxd28P9zqTN3kkD75-RDqw/edit
1679616,cb2me,16,94,,,,,94,,1,Slinkies Hitlist,,,false,,94 [Compiled input],https://www.torn.com/profiles.php?XID=1679616,https://www.torn.com/loader.php?sid=attack&user2ID=1679616,https://docs.google.com/spreadsheets/d/1rFHSPkemKPieolxeps8Wvwxd28P9zqTN3kkD75-RDqw/edit
593443,Elson07,16,94,,,,,94,,1,Slinkies Hitlist,,,false,,94 [Compiled input],https://www.torn.com/profiles.php?XID=593443,https://www.torn.com/loader.php?sid=attack&user2ID=593443,https://docs.google.com/spreadsheets/d/1rFHSPkemKPieolxeps8Wvwxd28P9zqTN3kkD75-RDqw/edit
1647409,fabregas56,16,94,,,,,94,,1,Slinkies Hitlist,,,false,,94 [Compiled input],https://www.torn.com/profiles.php?XID=1647409,https://www.torn.com/loader.php?sid=attack&user2ID=1647409,https://docs.google.com/spreadsheets/d/1rFHSPkemKPieolxeps8Wvwxd28P9zqTN3kkD75-RDqw/edit
1594057,kerrA,16,94,,,,,94,,2,Net Gangster Legacy List 2 | Slinkies Hitlist,2,,false,,94 [Compiled input],https://www.torn.com/profiles.php?XID=1594057,https://www.torn.com/loader.php?sid=attack&user2ID=1594057,https://docs.google.com/spreadsheets/d/1rFHSPkemKPieolxeps8Wvwxd28P9zqTN3kkD75-RDqw/edit | https://torn.netgangster.com/Targets.html
1416469,MrApeGrape,16,94,,,,,94,,1,Net Gangster Legacy List 1,1,,false,,94 [Compiled input],https://www.torn.com/profiles.php?XID=1416469,https://www.torn.com/loader.php?sid=attack&user2ID=1416469,https://torn.netgangster.com/Targets.html
1843812,rhondas1,16,94,,,,,94,,1,Slinkies Hitlist,,,false,,94 [Compiled input],https://www.torn.com/profiles.php?XID=1843812,https://www.torn.com/loader.php?sid=attack&user2ID=1843812,https://docs.google.com/spreadsheets/d/1rFHSPkemKPieolxeps8Wvwxd28P9zqTN3kkD75-RDqw/edit
1126680,brackee,16,163,,,,,163,,1,Net Gangster Legacy List 1,1,,false,,163 [Compiled input],https://www.torn.com/profiles.php?XID=1126680,https://www.torn.com/loader.php?sid=attack&user2ID=1126680,https://torn.netgangster.com/Targets.html
1727633,scorpioniscool,16,163,,,,,163,,1,Net Gangster Legacy List 1,1,,false,,163 [Compiled input],https://www.torn.com/profiles.php?XID=1727633,https://www.torn.com/loader.php?sid=attack&user2ID=1727633,https://torn.netgangster.com/Targets.html
1115424,justoneway,16,283,,,,,283,,1,Net Gangster Legacy List 1,1,,false,,283 [Compiled input],https://www.torn.com/profiles.php?XID=1115424,https://www.torn.com/loader.php?sid=attack&user2ID=1115424,https://torn.netgangster.com/Targets.html
,alex69,16,550,,,,,,675,1,Just Another Hitlist,,"under 1,000",false,,550 [Just Another Hitlist],https://www.torn.com/profiles.php?NID=alex69,,https://www.torn.com/forums.php#/p=threads&f=61&t=16280317&b=0&a=0
,AidStar1993,16,980,,,,,,708,1,Just Another Hitlist,,"under 1,000",false,,980 [Just Another Hitlist],https://www.torn.com/profiles.php?NID=AidStar1993,,https://www.torn.com/forums.php#/p=threads&f=61&t=16280317&b=0&a=0
,BooSt,16,1080,,,,,,675,1,Just Another Hitlist,,"1,000-10,000",false,,1080 [Just Another Hitlist],https://www.torn.com/profiles.php?NID=BooSt,,https://www.torn.com/forums.php#/p=threads&f=61&t=16280317&b=0&a=0
1118454,harry9876,16,1260,,,,,,675,2,Just Another Hitlist | Net Gangster Legacy List 8,8,"1,000-10,000",false,,1260 [Just Another Hitlist],https://www.torn.com/profiles.php?XID=1118454,https://www.torn.com/loader.php?sid=attack&user2ID=1118454,https://torn.netgangster.com/Targets.html | https://www.torn.com/forums.php#/p=threads&f=61&t=16280317&b=0&a=0
,trukia,16,3530,,,,,,742,1,Just Another Hitlist,,"1,000-10,000",false,,3530 [Just Another Hitlist],https://www.torn.com/profiles.php?NID=trukia,,https://www.torn.com/forums.php#/p=threads&f=61&t=16280317&b=0&a=0
,Anubispt,16,4290,,,,,,877,1,Just Another Hitlist,,"1,000-10,000",false,,4290 [Just Another Hitlist],https://www.torn.com/profiles.php?NID=Anubispt,,https://www.torn.com/forums.php#/p=threads&f=61&t=16280317&b=0&a=0
,Sipio666,16,4370,,,,,,675,1,Just Another Hitlist,,"1,000-10,000",false,,4370 [Just Another Hitlist],https://www.torn.com/profiles.php?NID=Sipio666,,https://www.torn.com/forums.php#/p=threads&f=61&t=16280317&b=0&a=0
,GypsyGodess,16,4650,,,,,,742,1,Just Another Hitlist,,"1,000-10,000",false,,4650 [Just Another Hitlist],https://www.torn.com/profiles.php?NID=GypsyGodess,,https://www.torn.com/forums.php#/p=threads&f=61&t=16280317&b=0&a=0
,mammasumba,16,8690,,,,,,675,1,Just Another Hitlist,,"1,000-10,000",false,,8690 [Just Another Hitlist],https://www.torn.com/profiles.php?NID=mammasumba,,https://www.torn.com/forums.php#/p=threads&f=61&t=16280317&b=0&a=0
,Sniper_Neese,16,9230,,,,,,675,1,Just Another Hitlist,,"1,000-10,000",false,,9230 [Just Another Hitlist],https://www.torn.com/profiles.php?NID=Sniper_Neese,,https://www.torn.com/forums.php#/p=threads&f=61&t=16280317&b=0&a=0
,Frozenrobot,16,9480,,,,,,675,1,Just Another Hitlist,,"1,000-10,000",false,,9480 [Just Another Hitlist],https://www.torn.com/profiles.php?NID=Frozenrobot,,https://www.torn.com/forums.php#/p=threads&f=61&t=16280317&b=0&a=0
,_Keyon_,16,14200,,,,,,675,1,Just Another Hitlist,,"10,000-100,000",false,,14200 [Just Another Hitlist],https://www.torn.com/profiles.php?NID=_Keyon_,,https://www.torn.com/forums.php#/p=threads&f=61&t=16280317&b=0&a=0
,Claude_Provenza,16,20400,,,,,,675,1,Just Another Hitlist,,"10,000-100,000",false,,20400 [Just Another Hitlist],https://www.torn.com/profiles.php?NID=Claude_Provenza,,https://www.torn.com/forums.php#/p=threads&f=61&t=16280317&b=0&a=0
1386448,2341,16,,,,,,,,1,Net Gangster Legacy List 5,5,,false,,,https://www.torn.com/profiles.php?XID=1386448,https://www.torn.com/loader.php?sid=attack&user2ID=1386448,https://torn.netgangster.com/Targets.html
1422350,adeyemi,16,,,,,,,,1,Net Gangster Legacy List 6,6,,false,,,https://www.torn.com/profiles.php?XID=1422350,https://www.torn.com/loader.php?sid=attack&user2ID=1422350,https://torn.netgangster.com/Targets.html
1648921,aifa92,16,,,,,,,,1,Net Gangster Legacy List 7,7,,false,,,https://www.torn.com/profiles.php?XID=1648921,https://www.torn.com/loader.php?sid=attack&user2ID=1648921,https://torn.netgangster.com/Targets.html
1384023,alex27,16,,,,,,,,1,Net Gangster Legacy List 8,8,,false,,,https://www.torn.com/profiles.php?XID=1384023,https://www.torn.com/loader.php?sid=attack&user2ID=1384023,https://torn.netgangster.com/Targets.html
1308532,arsenal_4_life7,16,,,,,,,,1,Net Gangster Legacy List 9,9,,false,,,https://www.torn.com/profiles.php?XID=1308532,https://www.torn.com/loader.php?sid=attack&user2ID=1308532,https://torn.netgangster.com/Targets.html
1555856,bailey0799,16,,,,,,,,1,Net Gangster Legacy List 10,10,,false,,,https://www.torn.com/profiles.php?XID=1555856,https://www.torn.com/loader.php?sid=attack&user2ID=1555856,https://torn.netgangster.com/Targets.html
1372271,Ballekatt,16,,,,,,,,1,Net Gangster Legacy List 11,11,,false,,,https://www.torn.com/profiles.php?XID=1372271,https://www.torn.com/loader.php?sid=attack&user2ID=1372271,https://torn.netgangster.com/Targets.html
1393556,bennygunz,16,,,,,,,,1,Net Gangster Legacy List 12,12,,false,,,https://www.torn.com/profiles.php?XID=1393556,https://www.torn.com/loader.php?sid=attack&user2ID=1393556,https://torn.netgangster.com/Targets.html
1530886,bhowmik,16,,,,,,,,1,Net Gangster Legacy List 13,13,,false,,,https://www.torn.com/profiles.php?XID=1530886,https://www.torn.com/loader.php?sid=attack&user2ID=1530886,https://torn.netgangster.com/Targets.html
1582585,breeboxing,16,,,,,,,,1,Net Gangster Legacy List 3,3,,false,,,https://www.torn.com/profiles.php?XID=1582585,https://www.torn.com/loader.php?sid=attack&user2ID=1582585,https://torn.netgangster.com/Targets.html
1309497,charl,16,,,,,,,,1,Net Gangster Legacy List 4,4,,false,,,https://www.torn.com/profiles.php?XID=1309497,https://www.torn.com/loader.php?sid=attack&user2ID=1309497,https://torn.netgangster.com/Targets.html
1163746,chirstine75,16,,,,,,,,1,Net Gangster Legacy List 5,5,,false,,,https://www.torn.com/profiles.php?XID=1163746,https://www.torn.com/loader.php?sid=attack&user2ID=1163746,https://torn.netgangster.com/Targets.html
972494,cloudstife,16,,,,,,,,1,Net Gangster Legacy List 6,6,,false,,,https://www.torn.com/profiles.php?XID=972494,https://www.torn.com/loader.php?sid=attack&user2ID=972494,https://torn.netgangster.com/Targets.html
1178848,Cuti12,16,,,,,,,,1,Net Gangster Legacy List 7,7,,false,,,https://www.torn.com/profiles.php?XID=1178848,https://www.torn.com/loader.php?sid=attack&user2ID=1178848,https://torn.netgangster.com/Targets.html
1482744,cutiekilla,16,,,,,,,,1,Net Gangster Legacy List 8,8,,false,,,https://www.torn.com/profiles.php?XID=1482744,https://www.torn.com/loader.php?sid=attack&user2ID=1482744,https://torn.netgangster.com/Targets.html
1172864,Darnlang,16,,,,,,,,1,Net Gangster Legacy List 10,10,,false,,,https://www.torn.com/profiles.php?XID=1172864,https://www.torn.com/loader.php?sid=attack&user2ID=1172864,https://torn.netgangster.com/Targets.html
1778019,Deathtrap99,16,,,,,,,,1,Net Gangster Legacy List 11,11,,false,,,https://www.torn.com/profiles.php?XID=1778019,https://www.torn.com/loader.php?sid=attack&user2ID=1778019,https://torn.netgangster.com/Targets.html
1101883,Deja23,16,,,,,,,,1,Net Gangster Legacy List 12,12,,false,,,https://www.torn.com/profiles.php?XID=1101883,https://www.torn.com/loader.php?sid=attack&user2ID=1101883,https://torn.netgangster.com/Targets.html
1175704,dude81,16,,,,,,,,1,Net Gangster Legacy List 13,13,,false,,,https://www.torn.com/profiles.php?XID=1175704,https://www.torn.com/loader.php?sid=attack&user2ID=1175704,https://torn.netgangster.com/Targets.html
1564302,firedome555,16,,,,,,,,1,Net Gangster Legacy List 2,2,,false,,,https://www.torn.com/profiles.php?XID=1564302,https://www.torn.com/loader.php?sid=attack&user2ID=1564302,https://torn.netgangster.com/Targets.html
1607580,Frerichs,16,,,,,,,,1,Net Gangster Legacy List 3,3,,false,,,https://www.torn.com/profiles.php?XID=1607580,https://www.torn.com/loader.php?sid=attack&user2ID=1607580,https://torn.netgangster.com/Targets.html
1726626,FROZEN_MAGE,16,,,,,,,,1,Net Gangster Legacy List 4,4,,false,,,https://www.torn.com/profiles.php?XID=1726626,https://www.torn.com/loader.php?sid=attack&user2ID=1726626,https://torn.netgangster.com/Targets.html
1530339,Ginge_Laurenn,16,,,,,,,,1,Net Gangster Legacy List 5,5,,false,,,https://www.torn.com/profiles.php?XID=1530339,https://www.torn.com/loader.php?sid=attack&user2ID=1530339,https://torn.netgangster.com/Targets.html
1042640,gtchild2020,16,,,,,,,,1,Net Gangster Legacy List 7,7,,false,,,https://www.torn.com/profiles.php?XID=1042640,https://www.torn.com/loader.php?sid=attack&user2ID=1042640,https://torn.netgangster.com/Targets.html
881857,hassanian,16,,,,,,,,1,Net Gangster Legacy List 9,9,,false,,,https://www.torn.com/profiles.php?XID=881857,https://www.torn.com/loader.php?sid=attack&user2ID=881857,https://torn.netgangster.com/Targets.html
1496965,INF3CT3Dkill3r,16,,,,,,,,1,Net Gangster Legacy List 10,10,,false,,,https://www.torn.com/profiles.php?XID=1496965,https://www.torn.com/loader.php?sid=attack&user2ID=1496965,https://torn.netgangster.com/Targets.html
997057,jack_le,16,,,,,,,,1,Net Gangster Legacy List 11,11,,false,,,https://www.torn.com/profiles.php?XID=997057,https://www.torn.com/loader.php?sid=attack&user2ID=997057,https://torn.netgangster.com/Targets.html
977859,JACKIECHAN97,16,,,,,,,,1,Net Gangster Legacy List 12,12,,false,,,https://www.torn.com/profiles.php?XID=977859,https://www.torn.com/loader.php?sid=attack&user2ID=977859,https://torn.netgangster.com/Targets.html
1046977,khantnyarthu,16,,,,,,,,1,Net Gangster Legacy List 3,3,,false,,,https://www.torn.com/profiles.php?XID=1046977,https://www.torn.com/loader.php?sid=attack&user2ID=1046977,https://torn.netgangster.com/Targets.html
1738853,LatexSteam,16,,,,,,,,1,Net Gangster Legacy List 4,4,,false,,,https://www.torn.com/profiles.php?XID=1738853,https://www.torn.com/loader.php?sid=attack&user2ID=1738853,https://torn.netgangster.com/Targets.html
1269232,Lazyboy36,16,,,,,,,,1,Net Gangster Legacy List 5,5,,false,,,https://www.torn.com/profiles.php?XID=1269232,https://www.torn.com/loader.php?sid=attack&user2ID=1269232,https://torn.netgangster.com/Targets.html
684145,manan007,16,,,,,,,,1,Net Gangster Legacy List 6,6,,false,,,https://www.torn.com/profiles.php?XID=684145,https://www.torn.com/loader.php?sid=attack&user2ID=684145,https://torn.netgangster.com/Targets.html
1497701,maqz,16,,,,,,,,1,Net Gangster Legacy List 7,7,,false,,,https://www.torn.com/profiles.php?XID=1497701,https://www.torn.com/loader.php?sid=attack&user2ID=1497701,https://torn.netgangster.com/Targets.html
1250264,mariconarana,16,,,,,,,,1,Net Gangster Legacy List 8,8,,false,,,https://www.torn.com/profiles.php?XID=1250264,https://www.torn.com/loader.php?sid=attack&user2ID=1250264,https://torn.netgangster.com/Targets.html
1121417,mastahman12,16,,,,,,,,1,Net Gangster Legacy List 9,9,,false,,,https://www.torn.com/profiles.php?XID=1121417,https://www.torn.com/loader.php?sid=attack&user2ID=1121417,https://torn.netgangster.com/Targets.html
1314070,mcintyrej,16,,,,,,,,1,Net Gangster Legacy List 10,10,,false,,,https://www.torn.com/profiles.php?XID=1314070,https://www.torn.com/loader.php?sid=attack&user2ID=1314070,https://torn.netgangster.com/Targets.html
1617208,Menardin,16,,,,,,,,1,Net Gangster Legacy List 11,11,,false,,,https://www.torn.com/profiles.php?XID=1617208,https://www.torn.com/loader.php?sid=attack&user2ID=1617208,https://torn.netgangster.com/Targets.html
1326458,misslondon,16,,,,,,,,1,Net Gangster Legacy List 12,12,,false,,,https://www.torn.com/profiles.php?XID=1326458,https://www.torn.com/loader.php?sid=attack&user2ID=1326458,https://torn.netgangster.com/Targets.html
1495092,mounim,16,,,,,,,,1,Net Gangster Legacy List 13,13,,false,,,https://www.torn.com/profiles.php?XID=1495092,https://www.torn.com/loader.php?sid=attack&user2ID=1495092,https://torn.netgangster.com/Targets.html
1561891,MrGautama,16,,,,,,,,1,Net Gangster Legacy List 2,2,,false,,,https://www.torn.com/profiles.php?XID=1561891,https://www.torn.com/loader.php?sid=attack&user2ID=1561891,https://torn.netgangster.com/Targets.html
650310,naylay,16,,,,,,,,1,Net Gangster Legacy List 4,4,,false,,,https://www.torn.com/profiles.php?XID=650310,https://www.torn.com/loader.php?sid=attack&user2ID=650310,https://torn.netgangster.com/Targets.html
1700020,nighttemptress,16,,,,,,,,1,Net Gangster Legacy List 5,5,,false,,,https://www.torn.com/profiles.php?XID=1700020,https://www.torn.com/loader.php?sid=attack&user2ID=1700020,https://torn.netgangster.com/Targets.html
1532885,PersianKing,16,,,,,,,,1,Net Gangster Legacy List 6,6,,false,,,https://www.torn.com/profiles.php?XID=1532885,https://www.torn.com/loader.php?sid=attack&user2ID=1532885,https://torn.netgangster.com/Targets.html
1513123,petert95,16,,,,,,,,1,Net Gangster Legacy List 7,7,,false,,,https://www.torn.com/profiles.php?XID=1513123,https://www.torn.com/loader.php?sid=attack&user2ID=1513123,https://torn.netgangster.com/Targets.html
1419819,PhantomSambo,16,,,,,,,,1,Net Gangster Legacy List 8,8,,false,,,https://www.torn.com/profiles.php?XID=1419819,https://www.torn.com/loader.php?sid=attack&user2ID=1419819,https://torn.netgangster.com/Targets.html
1295068,PoloSosunny,16,,,,,,,,1,Net Gangster Legacy List 9,9,,false,,,https://www.torn.com/profiles.php?XID=1295068,https://www.torn.com/loader.php?sid=attack&user2ID=1295068,https://torn.netgangster.com/Targets.html
1702071,rafihaha,16,,,,,,,,1,Net Gangster Legacy List 11,11,,false,,,https://www.torn.com/profiles.php?XID=1702071,https://www.torn.com/loader.php?sid=attack&user2ID=1702071,https://torn.netgangster.com/Targets.html
1494267,Remester96,16,,,,,,,,1,Net Gangster Legacy List 12,12,,false,,,https://www.torn.com/profiles.php?XID=1494267,https://www.torn.com/loader.php?sid=attack&user2ID=1494267,https://torn.netgangster.com/Targets.html
1598042,rhyss2,16,,,,,,,,1,Net Gangster Legacy List 13,13,,false,,,https://www.torn.com/profiles.php?XID=1598042,https://www.torn.com/loader.php?sid=attack&user2ID=1598042,https://torn.netgangster.com/Targets.html
1469111,Shamee2,16,,,,,,,,1,Net Gangster Legacy List 2,2,,false,,,https://www.torn.com/profiles.php?XID=1469111,https://www.torn.com/loader.php?sid=attack&user2ID=1469111,https://torn.netgangster.com/Targets.html
1273840,spencer1999s,16,,,,,,,,1,Net Gangster Legacy List 3,3,,false,,,https://www.torn.com/profiles.php?XID=1273840,https://www.torn.com/loader.php?sid=attack&user2ID=1273840,https://torn.netgangster.com/Targets.html
1354193,Syd_2345,16,,,,,,,,1,Net Gangster Legacy List 4,4,,false,,,https://www.torn.com/profiles.php?XID=1354193,https://www.torn.com/loader.php?sid=attack&user2ID=1354193,https://torn.netgangster.com/Targets.html
1491814,terbor11,16,,,,,,,,1,Net Gangster Legacy List 5,5,,false,,,https://www.torn.com/profiles.php?XID=1491814,https://www.torn.com/loader.php?sid=attack&user2ID=1491814,https://torn.netgangster.com/Targets.html
1044828,thediamond7,16,,,,,,,,1,Net Gangster Legacy List 6,6,,false,,,https://www.torn.com/profiles.php?XID=1044828,https://www.torn.com/loader.php?sid=attack&user2ID=1044828,https://torn.netgangster.com/Targets.html
1669877,Ultravaleriy,16,,,,,,,,1,Net Gangster Legacy List 7,7,,false,,,https://www.torn.com/profiles.php?XID=1669877,https://www.torn.com/loader.php?sid=attack&user2ID=1669877,https://torn.netgangster.com/Targets.html
1509582,youngcarter5,16,,,,,,,,1,Net Gangster Legacy List 8,8,,false,,,https://www.torn.com/profiles.php?XID=1509582,https://www.torn.com/loader.php?sid=attack&user2ID=1509582,https://torn.netgangster.com/Targets.html
1205878,YR10E,16,,,,,,,,1,Net Gangster Legacy List 9,9,,false,,,https://www.torn.com/profiles.php?XID=1205878,https://www.torn.com/loader.php?sid=attack&user2ID=1205878,https://torn.netgangster.com/Targets.html
857317,Zak67,16,,,,,,,,1,Net Gangster Legacy List 10,10,,false,,,https://www.torn.com/profiles.php?XID=857317,https://www.torn.com/loader.php?sid=attack&user2ID=857317,https://torn.netgangster.com/Targets.html
1366440,zzgdogzz,16,,,,,,,,1,Net Gangster Legacy List 11,11,,false,,,https://www.torn.com/profiles.php?XID=1366440,https://www.torn.com/loader.php?sid=attack&user2ID=1366440,https://torn.netgangster.com/Targets.html
2074175,atn,15,59,,,,,59,,1,Slinkies Hitlist,,,false,,59 [Compiled input],https://www.torn.com/profiles.php?XID=2074175,https://www.torn.com/loader.php?sid=attack&user2ID=2074175,https://docs.google.com/spreadsheets/d/1rFHSPkemKPieolxeps8Wvwxd28P9zqTN3kkD75-RDqw/edit
936383,badboii321,15,59,,,,,59,,1,Slinkies Hitlist,,,false,,59 [Compiled input],https://www.torn.com/profiles.php?XID=936383,https://www.torn.com/loader.php?sid=attack&user2ID=936383,https://docs.google.com/spreadsheets/d/1rFHSPkemKPieolxeps8Wvwxd28P9zqTN3kkD75-RDqw/edit
1422718,bobkiller3,15,59,,,,,59,,2,Net Gangster Legacy List 7 | Slinkies Hitlist,7,,false,,59 [Compiled input],https://www.torn.com/profiles.php?XID=1422718,https://www.torn.com/loader.php?sid=attack&user2ID=1422718,https://docs.google.com/spreadsheets/d/1rFHSPkemKPieolxeps8Wvwxd28P9zqTN3kkD75-RDqw/edit | https://torn.netgangster.com/Targets.html
1621789,jazzyjake25,15,59,,,,,59,,1,Slinkies Hitlist,,,false,,59 [Compiled input],https://www.torn.com/profiles.php?XID=1621789,https://www.torn.com/loader.php?sid=attack&user2ID=1621789,https://docs.google.com/spreadsheets/d/1rFHSPkemKPieolxeps8Wvwxd28P9zqTN3kkD75-RDqw/edit
1845377,croki,15,67,,,,,67,,1,Slinkies Hitlist,,,false,,67 [Compiled input],https://www.torn.com/profiles.php?XID=1845377,https://www.torn.com/loader.php?sid=attack&user2ID=1845377,https://docs.google.com/spreadsheets/d/1rFHSPkemKPieolxeps8Wvwxd28P9zqTN3kkD75-RDqw/edit
1436559,kalam12345,15,67,,,,,67,,2,Net Gangster Legacy List 11 | Slinkies Hitlist,11,,false,,67 [Compiled input],https://www.torn.com/profiles.php?XID=1436559,https://www.torn.com/loader.php?sid=attack&user2ID=1436559,https://docs.google.com/spreadsheets/d/1rFHSPkemKPieolxeps8Wvwxd28P9zqTN3kkD75-RDqw/edit | https://torn.netgangster.com/Targets.html
1285131,lover117,15,67,,,,,67,,2,Net Gangster Legacy List 6 | Slinkies Hitlist,6,,false,,67 [Compiled input],https://www.torn.com/profiles.php?XID=1285131,https://www.torn.com/loader.php?sid=attack&user2ID=1285131,https://docs.google.com/spreadsheets/d/1rFHSPkemKPieolxeps8Wvwxd28P9zqTN3kkD75-RDqw/edit | https://torn.netgangster.com/Targets.html
1374128,need-for-zoom,15,67,,,,,67,,1,Slinkies Hitlist,,,false,,67 [Compiled input],https://www.torn.com/profiles.php?XID=1374128,https://www.torn.com/loader.php?sid=attack&user2ID=1374128,https://docs.google.com/spreadsheets/d/1rFHSPkemKPieolxeps8Wvwxd28P9zqTN3kkD75-RDqw/edit
1573781,zycore1,15,67,,,,,67,,2,Net Gangster Legacy List 3 | Slinkies Hitlist,3,,false,,67 [Compiled input],https://www.torn.com/profiles.php?XID=1573781,https://www.torn.com/loader.php?sid=attack&user2ID=1573781,https://docs.google.com/spreadsheets/d/1rFHSPkemKPieolxeps8Wvwxd28P9zqTN3kkD75-RDqw/edit | https://torn.netgangster.com/Targets.html
975654,badkid911,15,75,,,,,75,,2,Net Gangster Legacy List 3 | Slinkies Hitlist,3,,false,,75 [Compiled input],https://www.torn.com/profiles.php?XID=975654,https://www.torn.com/loader.php?sid=attack&user2ID=975654,https://docs.google.com/spreadsheets/d/1rFHSPkemKPieolxeps8Wvwxd28P9zqTN3kkD75-RDqw/edit | https://torn.netgangster.com/Targets.html
1265478,sunil1,15,75,,,,,75,,2,Net Gangster Legacy List 13 | Slinkies Hitlist,13,,false,,75 [Compiled input],https://www.torn.com/profiles.php?XID=1265478,https://www.torn.com/loader.php?sid=attack&user2ID=1265478,https://docs.google.com/spreadsheets/d/1rFHSPkemKPieolxeps8Wvwxd28P9zqTN3kkD75-RDqw/edit | https://torn.netgangster.com/Targets.html
1609480,XSlayer2009,15,75,,,,,75,,2,Net Gangster Legacy List 12 | Slinkies Hitlist,12,,false,,75 [Compiled input],https://www.torn.com/profiles.php?XID=1609480,https://www.torn.com/loader.php?sid=attack&user2ID=1609480,https://docs.google.com/spreadsheets/d/1rFHSPkemKPieolxeps8Wvwxd28P9zqTN3kkD75-RDqw/edit | https://torn.netgangster.com/Targets.html
1554463,ajh813,15,84,,,,,84,,2,Net Gangster Legacy List 10 | Slinkies Hitlist,10,,false,,84 [Compiled input],https://www.torn.com/profiles.php?XID=1554463,https://www.torn.com/loader.php?sid=attack&user2ID=1554463,https://docs.google.com/spreadsheets/d/1rFHSPkemKPieolxeps8Wvwxd28P9zqTN3kkD75-RDqw/edit | https://torn.netgangster.com/Targets.html
1409469,Body_slasher,15,84,,,,,84,,2,Net Gangster Legacy List 8 | Slinkies Hitlist,8,,false,,84 [Compiled input],https://www.torn.com/profiles.php?XID=1409469,https://www.torn.com/loader.php?sid=attack&user2ID=1409469,https://docs.google.com/spreadsheets/d/1rFHSPkemKPieolxeps8Wvwxd28P9zqTN3kkD75-RDqw/edit | https://torn.netgangster.com/Targets.html
1417924,bullet789,15,84,,,,,84,,2,Net Gangster Legacy List 9 | Slinkies Hitlist,9,,false,,84 [Compiled input],https://www.torn.com/profiles.php?XID=1417924,https://www.torn.com/loader.php?sid=attack&user2ID=1417924,https://docs.google.com/spreadsheets/d/1rFHSPkemKPieolxeps8Wvwxd28P9zqTN3kkD75-RDqw/edit | https://torn.netgangster.com/Targets.html
681299,CommandoTheLion,15,84,,,,,84,,2,Net Gangster Legacy List 12 | Slinkies Hitlist,12,,false,,84 [Compiled input],https://www.torn.com/profiles.php?XID=681299,https://www.torn.com/loader.php?sid=attack&user2ID=681299,https://docs.google.com/spreadsheets/d/1rFHSPkemKPieolxeps8Wvwxd28P9zqTN3kkD75-RDqw/edit | https://torn.netgangster.com/Targets.html
1280502,Crimson1995,15,84,,,,,84,,2,Net Gangster Legacy List 2 | Slinkies Hitlist,2,,false,,84 [Compiled input],https://www.torn.com/profiles.php?XID=1280502,https://www.torn.com/loader.php?sid=attack&user2ID=1280502,https://docs.google.com/spreadsheets/d/1rFHSPkemKPieolxeps8Wvwxd28P9zqTN3kkD75-RDqw/edit | https://torn.netgangster.com/Targets.html
1615798,emosurprimo,15,84,,,,,84,,2,Net Gangster Legacy List 12 | Slinkies Hitlist,12,,false,,84 [Compiled input],https://www.torn.com/profiles.php?XID=1615798,https://www.torn.com/loader.php?sid=attack&user2ID=1615798,https://docs.google.com/spreadsheets/d/1rFHSPkemKPieolxeps8Wvwxd28P9zqTN3kkD75-RDqw/edit | https://torn.netgangster.com/Targets.html
1236403,pegbundy,15,84,,,,,84,,2,Net Gangster Legacy List 11 | Slinkies Hitlist,11,,false,,84 [Compiled input],https://www.torn.com/profiles.php?XID=1236403,https://www.torn.com/loader.php?sid=attack&user2ID=1236403,https://docs.google.com/spreadsheets/d/1rFHSPkemKPieolxeps8Wvwxd28P9zqTN3kkD75-RDqw/edit | https://torn.netgangster.com/Targets.html
1704490,Soonerdyy,15,84,,,,,84,,2,Net Gangster Legacy List 11 | Slinkies Hitlist,11,,false,,84 [Compiled input],https://www.torn.com/profiles.php?XID=1704490,https://www.torn.com/loader.php?sid=attack&user2ID=1704490,https://docs.google.com/spreadsheets/d/1rFHSPkemKPieolxeps8Wvwxd28P9zqTN3kkD75-RDqw/edit | https://torn.netgangster.com/Targets.html
1489004,tantan,15,84,,,,,84,,2,Net Gangster Legacy List 3 | Slinkies Hitlist,3,,false,,84 [Compiled input],https://www.torn.com/profiles.php?XID=1489004,https://www.torn.com/loader.php?sid=attack&user2ID=1489004,https://docs.google.com/spreadsheets/d/1rFHSPkemKPieolxeps8Wvwxd28P9zqTN3kkD75-RDqw/edit | https://torn.netgangster.com/Targets.html
1620516,yougo1000,15,84,,,,,84,,2,Net Gangster Legacy List 1 | Slinkies Hitlist,1,,false,,84 [Compiled input],https://www.torn.com/profiles.php?XID=1620516,https://www.torn.com/loader.php?sid=attack&user2ID=1620516,https://docs.google.com/spreadsheets/d/1rFHSPkemKPieolxeps8Wvwxd28P9zqTN3kkD75-RDqw/edit | https://torn.netgangster.com/Targets.html
2141315,JayDaIcey,15,94,,,,,94,,1,Slinkies Hitlist,,,false,,94 [Compiled input],https://www.torn.com/profiles.php?XID=2141315,https://www.torn.com/loader.php?sid=attack&user2ID=2141315,https://docs.google.com/spreadsheets/d/1rFHSPkemKPieolxeps8Wvwxd28P9zqTN3kkD75-RDqw/edit
1181544,ronstopable,15,94,,,,,94,,2,Net Gangster Legacy List 3 | Slinkies Hitlist,3,,false,,94 [Compiled input],https://www.torn.com/profiles.php?XID=1181544,https://www.torn.com/loader.php?sid=attack&user2ID=1181544,https://docs.google.com/spreadsheets/d/1rFHSPkemKPieolxeps8Wvwxd28P9zqTN3kkD75-RDqw/edit | https://torn.netgangster.com/Targets.html
1563509,tommy101,15,94,,,,,94,,2,Net Gangster Legacy List 6 | Slinkies Hitlist,6,,false,,94 [Compiled input],https://www.torn.com/profiles.php?XID=1563509,https://www.torn.com/loader.php?sid=attack&user2ID=1563509,https://docs.google.com/spreadsheets/d/1rFHSPkemKPieolxeps8Wvwxd28P9zqTN3kkD75-RDqw/edit | https://torn.netgangster.com/Targets.html
1537906,push333,15,150,,,,,150,,1,Net Gangster Legacy List 1,1,,false,,150 [Compiled input],https://www.torn.com/profiles.php?XID=1537906,https://www.torn.com/loader.php?sid=attack&user2ID=1537906,https://torn.netgangster.com/Targets.html
929635,kyle4493,15,190,,,,,190,,1,Net Gangster Legacy List 1,1,,false,,190 [Compiled input],https://www.torn.com/profiles.php?XID=929635,https://www.torn.com/loader.php?sid=attack&user2ID=929635,https://torn.netgangster.com/Targets.html
917753,babyboy,15,301,,,,,301,,1,Net Gangster Legacy List 1,1,,false,,301 [Compiled input],https://www.torn.com/profiles.php?XID=917753,https://www.torn.com/loader.php?sid=attack&user2ID=917753,https://torn.netgangster.com/Targets.html
1655736,cotut,15,319,,,,,319,,1,Net Gangster Legacy List 1,1,,false,,319 [Compiled input],https://www.torn.com/profiles.php?XID=1655736,https://www.torn.com/loader.php?sid=attack&user2ID=1655736,https://torn.netgangster.com/Targets.html
552906,Footballman12,15,451,348,13,79,11,451,,2,Baldr's List 3 | Net Gangster Legacy List 1,1,,true,319 | 451,319 [Compiled input alternate]; 451 [Compiled input + Compiled input alternate + Net Gangster Legacy List 1],https://www.torn.com/profiles.php?XID=552906,https://www.torn.com/loader.php?sid=attack&user2ID=552906,https://github.com/OranWeb/tc-baldrs-levelling-list/blob/master/data.json | https://torn.netgangster.com/Targets.html
91892,AbcDragonMaster,15,552,207,98,130,117,552,,2,Baldr's List 3 | Net Gangster Legacy List 6,6,,false,,552 [Compiled input + Net Gangster Legacy List 6],https://www.torn.com/profiles.php?XID=91892,https://www.torn.com/loader.php?sid=attack&user2ID=91892,https://github.com/OranWeb/tc-baldrs-levelling-list/blob/master/data.json | https://torn.netgangster.com/Targets.html
,Killer-dude,15,610,,,,,,625,1,Just Another Hitlist,,"under 1,000",false,,610 [Just Another Hitlist],https://www.torn.com/profiles.php?NID=Killer-dude,,https://www.torn.com/forums.php#/p=threads&f=61&t=16280317&b=0&a=0
,SirNessyUK,15,690,,,,,,625,1,Just Another Hitlist,,"under 1,000",false,,690 [Just Another Hitlist],https://www.torn.com/profiles.php?NID=SirNessyUK,,https://www.torn.com/forums.php#/p=threads&f=61&t=16280317&b=0&a=0
,Foebia,15,830,,,,,,656,1,Just Another Hitlist,,"under 1,000",false,,830 [Just Another Hitlist],https://www.torn.com/profiles.php?NID=Foebia,,https://www.torn.com/forums.php#/p=threads&f=61&t=16280317&b=0&a=0
,-Damaged-,15,900,,,,,,625,1,Just Another Hitlist,,"under 1,000",false,,900 [Just Another Hitlist],https://www.torn.com/profiles.php?NID=-Damaged-,,https://www.torn.com/forums.php#/p=threads&f=61&t=16280317&b=0&a=0
,dean33,15,2610,,,,,,625,1,Just Another Hitlist,,"1,000-10,000",false,,2610 [Just Another Hitlist],https://www.torn.com/profiles.php?NID=dean33,,https://www.torn.com/forums.php#/p=threads&f=61&t=16280317&b=0&a=0
,slaterfan123,15,3800,,,,,,625,1,Just Another Hitlist,,"1,000-10,000",false,,3800 [Just Another Hitlist],https://www.torn.com/profiles.php?NID=slaterfan123,,https://www.torn.com/forums.php#/p=threads&f=61&t=16280317&b=0&a=0
,CrazyMarcus,15,6190,,,,,,625,1,Just Another Hitlist,,"1,000-10,000",false,,6190 [Just Another Hitlist],https://www.torn.com/profiles.php?NID=CrazyMarcus,,https://www.torn.com/forums.php#/p=threads&f=61&t=16280317&b=0&a=0
,Saorsa,15,7600,,,,,,625,1,Just Another Hitlist,,"1,000-10,000",false,,7600 [Just Another Hitlist],https://www.torn.com/profiles.php?NID=Saorsa,,https://www.torn.com/forums.php#/p=threads&f=61&t=16280317&b=0&a=0
,Blakkout,15,10290,,,,,,625,1,Just Another Hitlist,,"10,000-100,000",false,,10290 [Just Another Hitlist],https://www.torn.com/profiles.php?NID=Blakkout,,https://www.torn.com/forums.php#/p=threads&f=61&t=16280317&b=0&a=0
,Gizmo2212,15,23800,,,,,,687,1,Just Another Hitlist,,"10,000-100,000",false,,23800 [Just Another Hitlist],https://www.torn.com/profiles.php?NID=Gizmo2212,,https://www.torn.com/forums.php#/p=threads&f=61&t=16280317&b=0&a=0
,Suko,15,25800,,,,,,625,1,Just Another Hitlist,,"10,000-100,000",false,,25800 [Just Another Hitlist],https://www.torn.com/profiles.php?NID=Suko,,https://www.torn.com/forums.php#/p=threads&f=61&t=16280317&b=0&a=0
,Fashionable,15,37000,,,,,,625,1,Just Another Hitlist,,"10,000-100,000",false,,37000 [Just Another Hitlist],https://www.torn.com/profiles.php?NID=Fashionable,,https://www.torn.com/forums.php#/p=threads&f=61&t=16280317&b=0&a=0
,Rubycloud,15,76000,,,,,,625,1,Just Another Hitlist,,"10,000-100,000",false,,76000 [Just Another Hitlist],https://www.torn.com/profiles.php?NID=Rubycloud,,https://www.torn.com/forums.php#/p=threads&f=61&t=16280317&b=0&a=0
1652505,supastorm,15,377500,,,,,377500,,1,Net Gangster Legacy List 1,1,,false,,377500 [Compiled input],https://www.torn.com/profiles.php?XID=1652505,https://www.torn.com/loader.php?sid=attack&user2ID=1652505,https://torn.netgangster.com/Targets.html
1777008,-ANawRaHtar-,15,,,,,,,,1,Net Gangster Legacy List 2,2,,false,,,https://www.torn.com/profiles.php?XID=1777008,https://www.torn.com/loader.php?sid=attack&user2ID=1777008,https://torn.netgangster.com/Targets.html
842092,0341grunt,15,,,,,,,,1,Net Gangster Legacy List 3,3,,false,,,https://www.torn.com/profiles.php?XID=842092,https://www.torn.com/loader.php?sid=attack&user2ID=842092,https://torn.netgangster.com/Targets.html
972226,1andrew1,15,,,,,,,,1,Net Gangster Legacy List 4,4,,false,,,https://www.torn.com/profiles.php?XID=972226,https://www.torn.com/loader.php?sid=attack&user2ID=972226,https://torn.netgangster.com/Targets.html
1152656,86t7,15,,,,,,,,1,Net Gangster Legacy List 5,5,,false,,,https://www.torn.com/profiles.php?XID=1152656,https://www.torn.com/loader.php?sid=attack&user2ID=1152656,https://torn.netgangster.com/Targets.html
1347599,ACHILLES300,15,,,,,,,,1,Net Gangster Legacy List 7,7,,false,,,https://www.torn.com/profiles.php?XID=1347599,https://www.torn.com/loader.php?sid=attack&user2ID=1347599,https://torn.netgangster.com/Targets.html
1531122,achint2011,15,,,,,,,,1,Net Gangster Legacy List 8,8,,false,,,https://www.torn.com/profiles.php?XID=1531122,https://www.torn.com/loader.php?sid=attack&user2ID=1531122,https://torn.netgangster.com/Targets.html
1495526,adidas1,15,,,,,,,,1,Net Gangster Legacy List 9,9,,false,,,https://www.torn.com/profiles.php?XID=1495526,https://www.torn.com/loader.php?sid=attack&user2ID=1495526,https://torn.netgangster.com/Targets.html
1567134,Andreas1_11,15,,,,,,,,1,Net Gangster Legacy List 11,11,,false,,,https://www.torn.com/profiles.php?XID=1567134,https://www.torn.com/loader.php?sid=attack&user2ID=1567134,https://torn.netgangster.com/Targets.html
906367,awsomeman5521,15,,,,,,,,1,Net Gangster Legacy List 12,12,,false,,,https://www.torn.com/profiles.php?XID=906367,https://www.torn.com/loader.php?sid=attack&user2ID=906367,https://torn.netgangster.com/Targets.html
1267743,azaface1,15,,,,,,,,1,Net Gangster Legacy List 13,13,,false,,,https://www.torn.com/profiles.php?XID=1267743,https://www.torn.com/loader.php?sid=attack&user2ID=1267743,https://torn.netgangster.com/Targets.html
1451753,BabyR,15,,,,,,,,1,Net Gangster Legacy List 2,2,,false,,,https://www.torn.com/profiles.php?XID=1451753,https://www.torn.com/loader.php?sid=attack&user2ID=1451753,https://torn.netgangster.com/Targets.html
1656315,bendore123,15,,,,,,,,1,Net Gangster Legacy List 4,4,,false,,,https://www.torn.com/profiles.php?XID=1656315,https://www.torn.com/loader.php?sid=attack&user2ID=1656315,https://torn.netgangster.com/Targets.html
1323220,BG_ALPHADOG,15,,,,,,,,1,Net Gangster Legacy List 5,5,,false,,,https://www.torn.com/profiles.php?XID=1323220,https://www.torn.com/loader.php?sid=attack&user2ID=1323220,https://torn.netgangster.com/Targets.html
879649,BloodySorrow,15,,,,,,,,1,Net Gangster Legacy List 6,6,,false,,,https://www.torn.com/profiles.php?XID=879649,https://www.torn.com/loader.php?sid=attack&user2ID=879649,https://torn.netgangster.com/Targets.html
854645,cdubb6,15,,,,,,,,1,Net Gangster Legacy List 10,10,,false,,,https://www.torn.com/profiles.php?XID=854645,https://www.torn.com/loader.php?sid=attack&user2ID=854645,https://torn.netgangster.com/Targets.html
1406091,chocolate_boy,15,,,,,,,,1,Net Gangster Legacy List 11,11,,false,,,https://www.torn.com/profiles.php?XID=1406091,https://www.torn.com/loader.php?sid=attack&user2ID=1406091,https://torn.netgangster.com/Targets.html
1975567,Coolde16,15,,,,,,,,1,Net Gangster Legacy List 13,13,,false,,,https://www.torn.com/profiles.php?XID=1975567,https://www.torn.com/loader.php?sid=attack&user2ID=1975567,https://torn.netgangster.com/Targets.html
1415316,cw65222,15,,,,,,,,1,Net Gangster Legacy List 3,3,,false,,,https://www.torn.com/profiles.php?XID=1415316,https://www.torn.com/loader.php?sid=attack&user2ID=1415316,https://torn.netgangster.com/Targets.html
1860161,czakibo0t,15,,,,,,,,1,Net Gangster Legacy List 4,4,,false,,,https://www.torn.com/profiles.php?XID=1860161,https://www.torn.com/loader.php?sid=attack&user2ID=1860161,https://torn.netgangster.com/Targets.html
1427616,daquiane,15,,,,,,,,1,Net Gangster Legacy List 5,5,,false,,,https://www.torn.com/profiles.php?XID=1427616,https://www.torn.com/loader.php?sid=attack&user2ID=1427616,https://torn.netgangster.com/Targets.html
1607372,davidgilmour555,15,,,,,,,,1,Net Gangster Legacy List 6,6,,false,,,https://www.torn.com/profiles.php?XID=1607372,https://www.torn.com/loader.php?sid=attack&user2ID=1607372,https://torn.netgangster.com/Targets.html
948854,deadjoker08,15,,,,,,,,1,Net Gangster Legacy List 7,7,,false,,,https://www.torn.com/profiles.php?XID=948854,https://www.torn.com/loader.php?sid=attack&user2ID=948854,https://torn.netgangster.com/Targets.html
937967,devil8,15,,,,,,,,1,Net Gangster Legacy List 8,8,,false,,,https://www.torn.com/profiles.php?XID=937967,https://www.torn.com/loader.php?sid=attack&user2ID=937967,https://torn.netgangster.com/Targets.html
1264604,dman10,15,,,,,,,,1,Net Gangster Legacy List 9,9,,false,,,https://www.torn.com/profiles.php?XID=1264604,https://www.torn.com/loader.php?sid=attack&user2ID=1264604,https://torn.netgangster.com/Targets.html
1500291,Elfangor,15,,,,,,,,1,Net Gangster Legacy List 10,10,,false,,,https://www.torn.com/profiles.php?XID=1500291,https://www.torn.com/loader.php?sid=attack&user2ID=1500291,https://torn.netgangster.com/Targets.html
1603317,elliemc123,15,,,,,,,,1,Net Gangster Legacy List 11,11,,false,,,https://www.torn.com/profiles.php?XID=1603317,https://www.torn.com/loader.php?sid=attack&user2ID=1603317,https://torn.netgangster.com/Targets.html
1289614,fatbasted24,15,,,,,,,,1,Net Gangster Legacy List 13,13,,false,,,https://www.torn.com/profiles.php?XID=1289614,https://www.torn.com/loader.php?sid=attack&user2ID=1289614,https://torn.netgangster.com/Targets.html
1813200,Fyroc,15,,,,,,,,1,Net Gangster Legacy List 2,2,,false,,,https://www.torn.com/profiles.php?XID=1813200,https://www.torn.com/loader.php?sid=attack&user2ID=1813200,https://torn.netgangster.com/Targets.html
947081,genty,15,,,,,,,,1,Net Gangster Legacy List 3,3,,false,,,https://www.torn.com/profiles.php?XID=947081,https://www.torn.com/loader.php?sid=attack&user2ID=947081,https://torn.netgangster.com/Targets.html
950884,guffman,15,,,,,,,,1,Net Gangster Legacy List 4,4,,false,,,https://www.torn.com/profiles.php?XID=950884,https://www.torn.com/loader.php?sid=attack&user2ID=950884,https://torn.netgangster.com/Targets.html
1099107,hot_girl_xxx,15,,,,,,,,1,Net Gangster Legacy List 5,5,,false,,,https://www.torn.com/profiles.php?XID=1099107,https://www.torn.com/loader.php?sid=attack&user2ID=1099107,https://torn.netgangster.com/Targets.html
1585409,hzink,15,,,,,,,,1,Net Gangster Legacy List 6,6,,false,,,https://www.torn.com/profiles.php?XID=1585409,https://www.torn.com/loader.php?sid=attack&user2ID=1585409,https://torn.netgangster.com/Targets.html
918452,imbaled,15,,,,,,,,1,Net Gangster Legacy List 7,7,,false,,,https://www.torn.com/profiles.php?XID=918452,https://www.torn.com/loader.php?sid=attack&user2ID=918452,https://torn.netgangster.com/Targets.html
1329020,jaanek,15,,,,,,,,1,Net Gangster Legacy List 8,8,,false,,,https://www.torn.com/profiles.php?XID=1329020,https://www.torn.com/loader.php?sid=attack&user2ID=1329020,https://torn.netgangster.com/Targets.html
1550045,jawhit69,15,,,,,,,,1,Net Gangster Legacy List 9,9,,false,,,https://www.torn.com/profiles.php?XID=1550045,https://www.torn.com/loader.php?sid=attack&user2ID=1550045,https://torn.netgangster.com/Targets.html
1031581,jojo96,15,,,,,,,,1,Net Gangster Legacy List 10,10,,false,,,https://www.torn.com/profiles.php?XID=1031581,https://www.torn.com/loader.php?sid=attack&user2ID=1031581,https://torn.netgangster.com/Targets.html
1561685,kavadava,15,,,,,,,,1,Net Gangster Legacy List 12,12,,false,,,https://www.torn.com/profiles.php?XID=1561685,https://www.torn.com/loader.php?sid=attack&user2ID=1561685,https://torn.netgangster.com/Targets.html
1469275,kikko,15,,,,,,,,1,Net Gangster Legacy List 13,13,,false,,,https://www.torn.com/profiles.php?XID=1469275,https://www.torn.com/loader.php?sid=attack&user2ID=1469275,https://torn.netgangster.com/Targets.html
1612323,larsson222,15,,,,,,,,1,Net Gangster Legacy List 2,2,,false,,,https://www.torn.com/profiles.php?XID=1612323,https://www.torn.com/loader.php?sid=attack&user2ID=1612323,https://torn.netgangster.com/Targets.html
984310,LaurenLUVSu,15,,,,,,,,1,Net Gangster Legacy List 3,3,,false,,,https://www.torn.com/profiles.php?XID=984310,https://www.torn.com/loader.php?sid=attack&user2ID=984310,https://torn.netgangster.com/Targets.html
1502437,laylwintlulay,15,,,,,,,,1,Net Gangster Legacy List 4,4,,false,,,https://www.torn.com/profiles.php?XID=1502437,https://www.torn.com/loader.php?sid=attack&user2ID=1502437,https://torn.netgangster.com/Targets.html
1514825,lordoftheflys,15,,,,,,,,1,Net Gangster Legacy List 5,5,,false,,,https://www.torn.com/profiles.php?XID=1514825,https://www.torn.com/loader.php?sid=attack&user2ID=1514825,https://torn.netgangster.com/Targets.html
1785612,lucasmnunesk,15,,,,,,,,1,Net Gangster Legacy List 7,7,,false,,,https://www.torn.com/profiles.php?XID=1785612,https://www.torn.com/loader.php?sid=attack&user2ID=1785612,https://torn.netgangster.com/Targets.html
1376450,mccoy98,15,,,,,,,,1,Net Gangster Legacy List 8,8,,false,,,https://www.torn.com/profiles.php?XID=1376450,https://www.torn.com/loader.php?sid=attack&user2ID=1376450,https://torn.netgangster.com/Targets.html
867487,naterbug_98,15,,,,,,,,1,Net Gangster Legacy List 9,9,,false,,,https://www.torn.com/profiles.php?XID=867487,https://www.torn.com/loader.php?sid=attack&user2ID=867487,https://torn.netgangster.com/Targets.html
1565393,onesexygirl,15,,,,,,,,1,Net Gangster Legacy List 10,10,,false,,,https://www.torn.com/profiles.php?XID=1565393,https://www.torn.com/loader.php?sid=attack&user2ID=1565393,https://torn.netgangster.com/Targets.html
1662361,prime99,15,,,,,,,,1,Net Gangster Legacy List 12,12,,false,,,https://www.torn.com/profiles.php?XID=1662361,https://www.torn.com/loader.php?sid=attack&user2ID=1662361,https://torn.netgangster.com/Targets.html
1601065,Promise1983,15,,,,,,,,1,Net Gangster Legacy List 13,13,,false,,,https://www.torn.com/profiles.php?XID=1601065,https://www.torn.com/loader.php?sid=attack&user2ID=1601065,https://torn.netgangster.com/Targets.html
1685029,qman9,15,,,,,,,,1,Net Gangster Legacy List 2,2,,false,,,https://www.torn.com/profiles.php?XID=1685029,https://www.torn.com/loader.php?sid=attack&user2ID=1685029,https://torn.netgangster.com/Targets.html
1635858,Ruin_Robin,15,,,,,,,,1,Net Gangster Legacy List 4,4,,false,,,https://www.torn.com/profiles.php?XID=1635858,https://www.torn.com/loader.php?sid=attack&user2ID=1635858,https://torn.netgangster.com/Targets.html
1697957,Sacrillegious,15,,,,,,,,1,Net Gangster Legacy List 5,5,,false,,,https://www.torn.com/profiles.php?XID=1697957,https://www.torn.com/loader.php?sid=attack&user2ID=1697957,https://torn.netgangster.com/Targets.html
1369049,sam1994,15,,,,,,,,1,Net Gangster Legacy List 6,6,,false,,,https://www.torn.com/profiles.php?XID=1369049,https://www.torn.com/loader.php?sid=attack&user2ID=1369049,https://torn.netgangster.com/Targets.html
930545,seannyboysl2,15,,,,,,,,1,Net Gangster Legacy List 7,7,,false,,,https://www.torn.com/profiles.php?XID=930545,https://www.torn.com/loader.php?sid=attack&user2ID=930545,https://torn.netgangster.com/Targets.html
865952,sexy-mama321,15,,,,,,,,1,Net Gangster Legacy List 8,8,,false,,,https://www.torn.com/profiles.php?XID=865952,https://www.torn.com/loader.php?sid=attack&user2ID=865952,https://torn.netgangster.com/Targets.html
1416361,SilentKillerz,15,,,,,,,,1,Net Gangster Legacy List 9,9,,false,,,https://www.torn.com/profiles.php?XID=1416361,https://www.torn.com/loader.php?sid=attack&user2ID=1416361,https://torn.netgangster.com/Targets.html
1003909,slamz123,15,,,,,,,,1,Net Gangster Legacy List 10,10,,false,,,https://www.torn.com/profiles.php?XID=1003909,https://www.torn.com/loader.php?sid=attack&user2ID=1003909,https://torn.netgangster.com/Targets.html
1682487,sturey,15,,,,,,,,1,Net Gangster Legacy List 12,12,,false,,,https://www.torn.com/profiles.php?XID=1682487,https://www.torn.com/loader.php?sid=attack&user2ID=1682487,https://torn.netgangster.com/Targets.html
1366638,Tanner92,15,,,,,,,,1,Net Gangster Legacy List 2,2,,false,,,https://www.torn.com/profiles.php?XID=1366638,https://www.torn.com/loader.php?sid=attack&user2ID=1366638,https://torn.netgangster.com/Targets.html
1325117,TcIsTheBest,15,,,,,,,,1,Net Gangster Legacy List 4,4,,false,,,https://www.torn.com/profiles.php?XID=1325117,https://www.torn.com/loader.php?sid=attack&user2ID=1325117,https://torn.netgangster.com/Targets.html
932198,techniko,15,,,,,,,,1,Net Gangster Legacy List 5,5,,false,,,https://www.torn.com/profiles.php?XID=932198,https://www.torn.com/loader.php?sid=attack&user2ID=932198,https://torn.netgangster.com/Targets.html
1329344,trilogic,15,,,,,,,,1,Net Gangster Legacy List 7,7,,false,,,https://www.torn.com/profiles.php?XID=1329344,https://www.torn.com/loader.php?sid=attack&user2ID=1329344,https://torn.netgangster.com/Targets.html
1419106,Vallo,15,,,,,,,,1,Net Gangster Legacy List 8,8,,false,,,https://www.torn.com/profiles.php?XID=1419106,https://www.torn.com/loader.php?sid=attack&user2ID=1419106,https://torn.netgangster.com/Targets.html
936644,wee-man13,15,,,,,,,,1,Net Gangster Legacy List 9,9,,false,,,https://www.torn.com/profiles.php?XID=936644,https://www.torn.com/loader.php?sid=attack&user2ID=936644,https://torn.netgangster.com/Targets.html
1367809,xlisax,15,,,,,,,,1,Net Gangster Legacy List 10,10,,false,,,https://www.torn.com/profiles.php?XID=1367809,https://www.torn.com/loader.php?sid=attack&user2ID=1367809,https://torn.netgangster.com/Targets.html
1609459,xslayer09,15,,,,,,,,1,Net Gangster Legacy List 11,11,,false,,,https://www.torn.com/profiles.php?XID=1609459,https://www.torn.com/loader.php?sid=attack&user2ID=1609459,https://torn.netgangster.com/Targets.html
1657251,xx_Yourface_xx,15,,,,,,,,1,Net Gangster Legacy List 13,13,,false,,,https://www.torn.com/profiles.php?XID=1657251,https://www.torn.com/loader.php?sid=attack&user2ID=1657251,https://torn.netgangster.com/Targets.html
945908,ZachPowell,15,,,,,,,,1,Net Gangster Legacy List 2,2,,false,,,https://www.torn.com/profiles.php?XID=945908,https://www.torn.com/loader.php?sid=attack&user2ID=945908,https://torn.netgangster.com/Targets.html
849274,Deathreaper123,14,650,161,158,158,158,650,,2,Baldr's List 3 | Net Gangster Legacy List 1,1,,false,635 | 650,635 [Net Gangster Legacy List 1]; 650 [Compiled input],https://www.torn.com/profiles.php?XID=849274,https://www.torn.com/loader.php?sid=attack&user2ID=849274,https://github.com/OranWeb/tc-baldrs-levelling-list/blob/master/data.json | https://torn.netgangster.com/Targets.html
,im_not_right,14,710,,,,,,603,1,Just Another Hitlist,,"under 1,000",false,,710 [Just Another Hitlist],https://www.torn.com/profiles.php?NID=im_not_right,,https://www.torn.com/forums.php#/p=threads&f=61&t=16280317&b=0&a=0
,samcrafter,14,1000,,,,,,603,1,Just Another Hitlist,,"1,000-10,000",false,,1000 [Just Another Hitlist],https://www.torn.com/profiles.php?NID=samcrafter,,https://www.torn.com/forums.php#/p=threads&f=61&t=16280317&b=0&a=0
,Daddy_Freshnugz,14,2000,,,,,,575,1,Just Another Hitlist,,"1,000-10,000",false,,2000 [Just Another Hitlist],https://www.torn.com/profiles.php?NID=Daddy_Freshnugz,,https://www.torn.com/forums.php#/p=threads&f=61&t=16280317&b=0&a=0
,grandxoon,14,2700,,,,,,603,1,Just Another Hitlist,,"1,000-10,000",false,,2700 [Just Another Hitlist],https://www.torn.com/profiles.php?NID=grandxoon,,https://www.torn.com/forums.php#/p=threads&f=61&t=16280317&b=0&a=0
,ShaoPingPing,14,4950,,,,,,575,1,Just Another Hitlist,,"1,000-10,000",false,,4950 [Just Another Hitlist],https://www.torn.com/profiles.php?NID=ShaoPingPing,,https://www.torn.com/forums.php#/p=threads&f=61&t=16280317&b=0&a=0
,Lathaw,14,10210,,,,,,575,1,Just Another Hitlist,,"10,000-100,000",false,,10210 [Just Another Hitlist],https://www.torn.com/profiles.php?NID=Lathaw,,https://www.torn.com/forums.php#/p=threads&f=61&t=16280317&b=0&a=0
,Signatured,14,50000,,,,,,575,1,Just Another Hitlist,,"10,000-100,000",false,,50000 [Just Another Hitlist],https://www.torn.com/profiles.php?NID=Signatured,,https://www.torn.com/forums.php#/p=threads&f=61&t=16280317&b=0&a=0
,Hardcore_Sweety,13,250,,,,,,525,1,Just Another Hitlist,,"under 1,000",false,,250 [Just Another Hitlist],https://www.torn.com/profiles.php?NID=Hardcore_Sweety,,https://www.torn.com/forums.php#/p=threads&f=61&t=16280317&b=0&a=0
,robodirge,13,480,,,,,,525,1,Just Another Hitlist,,"under 1,000",false,,480 [Just Another Hitlist],https://www.torn.com/profiles.php?NID=robodirge,,https://www.torn.com/forums.php#/p=threads&f=61&t=16280317&b=0&a=0
,minnset,13,570,,,,,,525,1,Just Another Hitlist,,"under 1,000",false,,570 [Just Another Hitlist],https://www.torn.com/profiles.php?NID=minnset,,https://www.torn.com/forums.php#/p=threads&f=61&t=16280317&b=0&a=0
,Kilo-teach,13,1000,,,,,,525,1,Just Another Hitlist,,"1,000-10,000",false,,1000 [Just Another Hitlist],https://www.torn.com/profiles.php?NID=Kilo-teach,,https://www.torn.com/forums.php#/p=threads&f=61&t=16280317&b=0&a=0
,rahuldugu,13,1000,,,,,,551,1,Just Another Hitlist,,"1,000-10,000",false,,1000 [Just Another Hitlist],https://www.torn.com/profiles.php?NID=rahuldugu,,https://www.torn.com/forums.php#/p=threads&f=61&t=16280317&b=0&a=0
,SHARK-X,13,1000,,,,,,551,1,Just Another Hitlist,,"1,000-10,000",false,,1000 [Just Another Hitlist],https://www.torn.com/profiles.php?NID=SHARK-X,,https://www.torn.com/forums.php#/p=threads&f=61&t=16280317&b=0&a=0
,SheepdogX,13,3400,,,,,,577,1,Just Another Hitlist,,"1,000-10,000",false,,3400 [Just Another Hitlist],https://www.torn.com/profiles.php?NID=SheepdogX,,https://www.torn.com/forums.php#/p=threads&f=61&t=16280317&b=0&a=0
,goeringz,13,4140,,,,,,577,1,Just Another Hitlist,,"1,000-10,000",false,,4140 [Just Another Hitlist],https://www.torn.com/profiles.php?NID=goeringz,,https://www.torn.com/forums.php#/p=threads&f=61&t=16280317&b=0&a=0
,pinkbutterfly,13,6540,,,,,,525,1,Just Another Hitlist,,"1,000-10,000",false,,6540 [Just Another Hitlist],https://www.torn.com/profiles.php?NID=pinkbutterfly,,https://www.torn.com/forums.php#/p=threads&f=61&t=16280317&b=0&a=0
,ProsterX,12,510,,,,,,498,1,Just Another Hitlist,,"under 1,000",false,,510 [Just Another Hitlist],https://www.torn.com/profiles.php?NID=ProsterX,,https://www.torn.com/forums.php#/p=threads&f=61&t=16280317&b=0&a=0
,dirklinus,12,710,,,,,,498,1,Just Another Hitlist,,"under 1,000",false,,710 [Just Another Hitlist],https://www.torn.com/profiles.php?NID=dirklinus,,https://www.torn.com/forums.php#/p=threads&f=61&t=16280317&b=0&a=0
,gandu514,12,810,,,,,,475,1,Just Another Hitlist,,"under 1,000",false,,810 [Just Another Hitlist],https://www.torn.com/profiles.php?NID=gandu514,,https://www.torn.com/forums.php#/p=threads&f=61&t=16280317&b=0&a=0
,ARK_ANGEL53,12,830,,,,,,475,1,Just Another Hitlist,,"under 1,000",false,,830 [Just Another Hitlist],https://www.torn.com/profiles.php?NID=ARK_ANGEL53,,https://www.torn.com/forums.php#/p=threads&f=61&t=16280317&b=0&a=0
,carmz,12,1000,,,,,,475,1,Just Another Hitlist,,"1,000-10,000",false,,1000 [Just Another Hitlist],https://www.torn.com/profiles.php?NID=carmz,,https://www.torn.com/forums.php#/p=threads&f=61&t=16280317&b=0&a=0
,dirtyghettoboi,12,1000,,,,,,475,1,Just Another Hitlist,,"1,000-10,000",false,,1000 [Just Another Hitlist],https://www.torn.com/profiles.php?NID=dirtyghettoboi,,https://www.torn.com/forums.php#/p=threads&f=61&t=16280317&b=0&a=0
,SatansWaffles88,12,1620,,,,,,498,1,Just Another Hitlist,,"1,000-10,000",false,,1620 [Just Another Hitlist],https://www.torn.com/profiles.php?NID=SatansWaffles88,,https://www.torn.com/forums.php#/p=threads&f=61&t=16280317&b=0&a=0
,tedkaduce,12,2180,,,,,,475,1,Just Another Hitlist,,"1,000-10,000",false,,2180 [Just Another Hitlist],https://www.torn.com/profiles.php?NID=tedkaduce,,https://www.torn.com/forums.php#/p=threads&f=61&t=16280317&b=0&a=0
,ThaUncleJoe,12,2800,,,,,,475,1,Just Another Hitlist,,"1,000-10,000",false,,2800 [Just Another Hitlist],https://www.torn.com/profiles.php?NID=ThaUncleJoe,,https://www.torn.com/forums.php#/p=threads&f=61&t=16280317&b=0&a=0
,Killa6497,12,3000,,,,,,475,1,Just Another Hitlist,,"1,000-10,000",false,,3000 [Just Another Hitlist],https://www.torn.com/profiles.php?NID=Killa6497,,https://www.torn.com/forums.php#/p=threads&f=61&t=16280317&b=0&a=0
,gurugeorge,12,3290,,,,,,475,1,Just Another Hitlist,,"1,000-10,000",false,,3290 [Just Another Hitlist],https://www.torn.com/profiles.php?NID=gurugeorge,,https://www.torn.com/forums.php#/p=threads&f=61&t=16280317&b=0&a=0
,A_Real_Pink_Pie,12,6000,,,,,,475,1,Just Another Hitlist,,"1,000-10,000",false,,6000 [Just Another Hitlist],https://www.torn.com/profiles.php?NID=A_Real_Pink_Pie,,https://www.torn.com/forums.php#/p=threads&f=61&t=16280317&b=0&a=0
,santosa,12,7360,,,,,,475,1,Just Another Hitlist,,"1,000-10,000",false,,7360 [Just Another Hitlist],https://www.torn.com/profiles.php?NID=santosa,,https://www.torn.com/forums.php#/p=threads&f=61&t=16280317&b=0&a=0
,Big-Hoss,11,280,,,,,,425,1,Just Another Hitlist,,"under 1,000",false,,280 [Just Another Hitlist],https://www.torn.com/profiles.php?NID=Big-Hoss,,https://www.torn.com/forums.php#/p=threads&f=61&t=16280317&b=0&a=0
,hussler_00,11,480,,,,,,425,1,Just Another Hitlist,,"under 1,000",false,,480 [Just Another Hitlist],https://www.torn.com/profiles.php?NID=hussler_00,,https://www.torn.com/forums.php#/p=threads&f=61&t=16280317&b=0&a=0
,Seroth,11,540,,,,,,425,1,Just Another Hitlist,,"under 1,000",false,,540 [Just Another Hitlist],https://www.torn.com/profiles.php?NID=Seroth,,https://www.torn.com/forums.php#/p=threads&f=61&t=16280317&b=0&a=0
,darak,11,550,,,,,,425,1,Just Another Hitlist,,"under 1,000",false,,550 [Just Another Hitlist],https://www.torn.com/profiles.php?NID=darak,,https://www.torn.com/forums.php#/p=threads&f=61&t=16280317&b=0&a=0
,spack,11,690,,,,,,425,1,Just Another Hitlist,,"under 1,000",false,,690 [Just Another Hitlist],https://www.torn.com/profiles.php?NID=spack,,https://www.torn.com/forums.php#/p=threads&f=61&t=16280317&b=0&a=0
,vic-vinegar,11,690,,,,,,510,1,Just Another Hitlist,,"under 1,000",false,,690 [Just Another Hitlist],https://www.torn.com/profiles.php?NID=vic-vinegar,,https://www.torn.com/forums.php#/p=threads&f=61&t=16280317&b=0&a=0
,rizwan123,11,780,,,,,,425,1,Just Another Hitlist,,"under 1,000",false,,780 [Just Another Hitlist],https://www.torn.com/profiles.php?NID=rizwan123,,https://www.torn.com/forums.php#/p=threads&f=61&t=16280317&b=0&a=0
,daddy-o,11,1000,,,,,,425,1,Just Another Hitlist,,"1,000-10,000",false,,1000 [Just Another Hitlist],https://www.torn.com/profiles.php?NID=daddy-o,,https://www.torn.com/forums.php#/p=threads&f=61&t=16280317&b=0&a=0
,Shadow7,11,1540,,,,,,467,1,Just Another Hitlist,,"1,000-10,000",false,,1540 [Just Another Hitlist],https://www.torn.com/profiles.php?NID=Shadow7,,https://www.torn.com/forums.php#/p=threads&f=61&t=16280317&b=0&a=0
,GypsyW13,11,2810,,,,,,510,1,Just Another Hitlist,,"1,000-10,000",false,,2810 [Just Another Hitlist],https://www.torn.com/profiles.php?NID=GypsyW13,,https://www.torn.com/forums.php#/p=threads&f=61&t=16280317&b=0&a=0
,Charles_Rogers,11,2830,,,,,,425,1,Just Another Hitlist,,"1,000-10,000",false,,2830 [Just Another Hitlist],https://www.torn.com/profiles.php?NID=Charles_Rogers,,https://www.torn.com/forums.php#/p=threads&f=61&t=16280317&b=0&a=0
,terbex,11,2860,,,,,,425,1,Just Another Hitlist,,"1,000-10,000",false,,2860 [Just Another Hitlist],https://www.torn.com/profiles.php?NID=terbex,,https://www.torn.com/forums.php#/p=threads&f=61&t=16280317&b=0&a=0
,Molleexoxo,11,3030,,,,,,467,1,Just Another Hitlist,,"1,000-10,000",false,,3030 [Just Another Hitlist],https://www.torn.com/profiles.php?NID=Molleexoxo,,https://www.torn.com/forums.php#/p=threads&f=61&t=16280317&b=0&a=0
,Kirsikka,11,4020,,,,,,425,1,Just Another Hitlist,,"1,000-10,000",false,,4020 [Just Another Hitlist],https://www.torn.com/profiles.php?NID=Kirsikka,,https://www.torn.com/forums.php#/p=threads&f=61&t=16280317&b=0&a=0
,Satoeng,11,4040,,,,,,425,1,Just Another Hitlist,,"1,000-10,000",false,,4040 [Just Another Hitlist],https://www.torn.com/profiles.php?NID=Satoeng,,https://www.torn.com/forums.php#/p=threads&f=61&t=16280317&b=0&a=0
,Dismortis42,11,8630,,,,,,446,1,Just Another Hitlist,,"1,000-10,000",false,,8630 [Just Another Hitlist],https://www.torn.com/profiles.php?NID=Dismortis42,,https://www.torn.com/forums.php#/p=threads&f=61&t=16280317&b=0&a=0
,wataruogasawara,11,24000,,,,,,425,1,Just Another Hitlist,,"10,000-100,000",false,,24000 [Just Another Hitlist],https://www.torn.com/profiles.php?NID=wataruogasawara,,https://www.torn.com/forums.php#/p=threads&f=61&t=16280317&b=0&a=0
,1_PRKSH_1,10,90,,,,,,393,1,Just Another Hitlist,,"under 1,000",false,,90 [Just Another Hitlist],https://www.torn.com/profiles.php?NID=1_PRKSH_1,,https://www.torn.com/forums.php#/p=threads&f=61&t=16280317&b=0&a=0
,777eggo,10,90,,,,,,431,1,Just Another Hitlist,,"under 1,000",false,,90 [Just Another Hitlist],https://www.torn.com/profiles.php?NID=777eggo,,https://www.torn.com/forums.php#/p=threads&f=61&t=16280317&b=0&a=0
,-Lo-,10,400,,,,,,375,1,Just Another Hitlist,,"under 1,000",false,,400 [Just Another Hitlist],https://www.torn.com/profiles.php?NID=-Lo-,,https://www.torn.com/forums.php#/p=threads&f=61&t=16280317&b=0&a=0
,Antmartin55,10,430,,,,,,393,1,Just Another Hitlist,,"under 1,000",false,,430 [Just Another Hitlist],https://www.torn.com/profiles.php?NID=Antmartin55,,https://www.torn.com/forums.php#/p=threads&f=61&t=16280317&b=0&a=0
,Jc0up1,10,510,,,,,,375,1,Just Another Hitlist,,"under 1,000",false,,510 [Just Another Hitlist],https://www.torn.com/profiles.php?NID=Jc0up1,,https://www.torn.com/forums.php#/p=threads&f=61&t=16280317&b=0&a=0
,SteelGiant55,10,510,,,,,,375,1,Just Another Hitlist,,"under 1,000",false,,510 [Just Another Hitlist],https://www.torn.com/profiles.php?NID=SteelGiant55,,https://www.torn.com/forums.php#/p=threads&f=61&t=16280317&b=0&a=0
,123peter123,10,630,,,,,,375,1,Just Another Hitlist,,"under 1,000",false,,630 [Just Another Hitlist],https://www.torn.com/profiles.php?NID=123peter123,,https://www.torn.com/forums.php#/p=threads&f=61&t=16280317&b=0&a=0
,Ihmissusi,10,720,,,,,,375,1,Just Another Hitlist,,"under 1,000",false,,720 [Just Another Hitlist],https://www.torn.com/profiles.php?NID=Ihmissusi,,https://www.torn.com/forums.php#/p=threads&f=61&t=16280317&b=0&a=0
,Swordplay,10,760,,,,,,431,1,Just Another Hitlist,,"under 1,000",false,,760 [Just Another Hitlist],https://www.torn.com/profiles.php?NID=Swordplay,,https://www.torn.com/forums.php#/p=threads&f=61&t=16280317&b=0&a=0
,WickedMickey,10,890,,,,,,412,1,Just Another Hitlist,,"under 1,000",false,,890 [Just Another Hitlist],https://www.torn.com/profiles.php?NID=WickedMickey,,https://www.torn.com/forums.php#/p=threads&f=61&t=16280317&b=0&a=0
,hbcg123,10,960,,,,,,412,1,Just Another Hitlist,,"under 1,000",false,,960 [Just Another Hitlist],https://www.torn.com/profiles.php?NID=hbcg123,,https://www.torn.com/forums.php#/p=threads&f=61&t=16280317&b=0&a=0
,02kinga,10,1000,,,,,,375,1,Just Another Hitlist,,"1,000-10,000",false,,1000 [Just Another Hitlist],https://www.torn.com/profiles.php?NID=02kinga,,https://www.torn.com/forums.php#/p=threads&f=61&t=16280317&b=0&a=0
,EusonDu,10,1000,,,,,,375,1,Just Another Hitlist,,"1,000-10,000",false,,1000 [Just Another Hitlist],https://www.torn.com/profiles.php?NID=EusonDu,,https://www.torn.com/forums.php#/p=threads&f=61&t=16280317&b=0&a=0
,Ixqt,10,1000,,,,,,375,1,Just Another Hitlist,,"1,000-10,000",false,,1000 [Just Another Hitlist],https://www.torn.com/profiles.php?NID=Ixqt,,https://www.torn.com/forums.php#/p=threads&f=61&t=16280317&b=0&a=0
,ameliy,10,1030,,,,,,375,1,Just Another Hitlist,,"1,000-10,000",false,,1030 [Just Another Hitlist],https://www.torn.com/profiles.php?NID=ameliy,,https://www.torn.com/forums.php#/p=threads&f=61&t=16280317&b=0&a=0
,songorobert,10,1500,,,,,,375,1,Just Another Hitlist,,"1,000-10,000",false,,1500 [Just Another Hitlist],https://www.torn.com/profiles.php?NID=songorobert,,https://www.torn.com/forums.php#/p=threads&f=61&t=16280317&b=0&a=0
,Rhokdar,10,2000,,,,,,375,1,Just Another Hitlist,,"1,000-10,000",false,,2000 [Just Another Hitlist],https://www.torn.com/profiles.php?NID=Rhokdar,,https://www.torn.com/forums.php#/p=threads&f=61&t=16280317&b=0&a=0
,xclarkyII,10,2000,,,,,,375,1,Just Another Hitlist,,"1,000-10,000",false,,2000 [Just Another Hitlist],https://www.torn.com/profiles.php?NID=xclarkyII,,https://www.torn.com/forums.php#/p=threads&f=61&t=16280317&b=0&a=0
,-Ms-Money,10,2120,,,,,,375,1,Just Another Hitlist,,"1,000-10,000",false,,2120 [Just Another Hitlist],https://www.torn.com/profiles.php?NID=-Ms-Money,,https://www.torn.com/forums.php#/p=threads&f=61&t=16280317&b=0&a=0
,KiNg20,10,2990,,,,,,375,1,Just Another Hitlist,,"1,000-10,000",false,,2990 [Just Another Hitlist],https://www.torn.com/profiles.php?NID=KiNg20,,https://www.torn.com/forums.php#/p=threads&f=61&t=16280317&b=0&a=0
,aungaunghtun,10,3150,,,,,,375,1,Just Another Hitlist,,"1,000-10,000",false,,3150 [Just Another Hitlist],https://www.torn.com/profiles.php?NID=aungaunghtun,,https://www.torn.com/forums.php#/p=threads&f=61&t=16280317&b=0&a=0
,Bobilhat,9,160,,,,,,341,1,Just Another Hitlist,,"under 1,000",false,,160 [Just Another Hitlist],https://www.torn.com/profiles.php?NID=Bobilhat,,https://www.torn.com/forums.php#/p=threads&f=61&t=16280317&b=0&a=0
,dan231,9,490,,,,,,325,1,Just Another Hitlist,,"under 1,000",false,,490 [Just Another Hitlist],https://www.torn.com/profiles.php?NID=dan231,,https://www.torn.com/forums.php#/p=threads&f=61&t=16280317&b=0&a=0
,hottrop1cs,9,490,,,,,,357,1,Just Another Hitlist,,"under 1,000",false,,490 [Just Another Hitlist],https://www.torn.com/profiles.php?NID=hottrop1cs,,https://www.torn.com/forums.php#/p=threads&f=61&t=16280317&b=0&a=0
,-snake-,9,570,,,,,,325,1,Just Another Hitlist,,"under 1,000",false,,570 [Just Another Hitlist],https://www.torn.com/profiles.php?NID=-snake-,,https://www.torn.com/forums.php#/p=threads&f=61&t=16280317&b=0&a=0
,rmf5,9,620,,,,,,325,1,Just Another Hitlist,,"under 1,000",false,,620 [Just Another Hitlist],https://www.torn.com/profiles.php?NID=rmf5,,https://www.torn.com/forums.php#/p=threads&f=61&t=16280317&b=0&a=0
,Xasy,9,870,,,,,,325,1,Just Another Hitlist,,"under 1,000",false,,870 [Just Another Hitlist],https://www.torn.com/profiles.php?NID=Xasy,,https://www.torn.com/forums.php#/p=threads&f=61&t=16280317&b=0&a=0
,Loyawhat,9,890,,,,,,325,1,Just Another Hitlist,,"under 1,000",false,,890 [Just Another Hitlist],https://www.torn.com/profiles.php?NID=Loyawhat,,https://www.torn.com/forums.php#/p=threads&f=61&t=16280317&b=0&a=0
,mycurrency,9,1000,,,,,,325,1,Just Another Hitlist,,"1,000-10,000",false,,1000 [Just Another Hitlist],https://www.torn.com/profiles.php?NID=mycurrency,,https://www.torn.com/forums.php#/p=threads&f=61&t=16280317&b=0&a=0
,LiLinsomniak,9,1760,,,,,,325,1,Just Another Hitlist,,"1,000-10,000",false,,1760 [Just Another Hitlist],https://www.torn.com/profiles.php?NID=LiLinsomniak,,https://www.torn.com/forums.php#/p=threads&f=61&t=16280317&b=0&a=0
,Erisir,8,410,,,,,,275,1,Just Another Hitlist,,"under 1,000",false,,410 [Just Another Hitlist],https://www.torn.com/profiles.php?NID=Erisir,,https://www.torn.com/forums.php#/p=threads&f=61&t=16280317&b=0&a=0
,Clouddjudgement,8,640,,,,,,275,1,Just Another Hitlist,,"under 1,000",false,,640 [Just Another Hitlist],https://www.torn.com/profiles.php?NID=Clouddjudgement,,https://www.torn.com/forums.php#/p=threads&f=61&t=16280317&b=0&a=0
,kronikblueslims,8,650,,,,,,275,1,Just Another Hitlist,,"under 1,000",false,,650 [Just Another Hitlist],https://www.torn.com/profiles.php?NID=kronikblueslims,,https://www.torn.com/forums.php#/p=threads&f=61&t=16280317&b=0&a=0
,BigBoss003,8,700,,,,,,275,1,Just Another Hitlist,,"under 1,000",false,,700 [Just Another Hitlist],https://www.torn.com/profiles.php?NID=BigBoss003,,https://www.torn.com/forums.php#/p=threads&f=61&t=16280317&b=0&a=0
,--Rangers-1--,8,760,,,,,,275,1,Just Another Hitlist,,"under 1,000",false,,760 [Just Another Hitlist],https://www.torn.com/profiles.php?NID=--Rangers-1--,,https://www.torn.com/forums.php#/p=threads&f=61&t=16280317&b=0&a=0
,zzclown,7,230,,,,,,250,1,Just Another Hitlist,,"under 1,000",false,,230 [Just Another Hitlist],https://www.torn.com/profiles.php?NID=zzclown,,https://www.torn.com/forums.php#/p=threads&f=61&t=16280317&b=0&a=0
,beastyboy,7,250,,,,,,250,1,Just Another Hitlist,,"under 1,000",false,,250 [Just Another Hitlist],https://www.torn.com/profiles.php?NID=beastyboy,,https://www.torn.com/forums.php#/p=threads&f=61&t=16280317&b=0&a=0
,Comitzu,7,330,,,,,,250,1,Just Another Hitlist,,"under 1,000",false,,330 [Just Another Hitlist],https://www.torn.com/profiles.php?NID=Comitzu,,https://www.torn.com/forums.php#/p=threads&f=61&t=16280317&b=0&a=0
,MariJane,7,380,,,,,,250,1,Just Another Hitlist,,"under 1,000",false,,380 [Just Another Hitlist],https://www.torn.com/profiles.php?NID=MariJane,,https://www.torn.com/forums.php#/p=threads&f=61&t=16280317&b=0&a=0
,Magmamike,7,500,,,,,,275,1,Just Another Hitlist,,"under 1,000",false,,500 [Just Another Hitlist],https://www.torn.com/profiles.php?NID=Magmamike,,https://www.torn.com/forums.php#/p=threads&f=61&t=16280317&b=0&a=0
,HighStandard,7,550,,,,,,262,1,Just Another Hitlist,,"under 1,000",false,,550 [Just Another Hitlist],https://www.torn.com/profiles.php?NID=HighStandard,,https://www.torn.com/forums.php#/p=threads&f=61&t=16280317&b=0&a=0
,HELLSANGELS,7,620,,,,,,250,1,Just Another Hitlist,,"under 1,000",false,,620 [Just Another Hitlist],https://www.torn.com/profiles.php?NID=HELLSANGELS,,https://www.torn.com/forums.php#/p=threads&f=61&t=16280317&b=0&a=0
,muhdsyahmi,7,640,,,,,,250,1,Just Another Hitlist,,"under 1,000",false,,640 [Just Another Hitlist],https://www.torn.com/profiles.php?NID=muhdsyahmi,,https://www.torn.com/forums.php#/p=threads&f=61&t=16280317&b=0&a=0
,Swirmy_worm,7,860,,,,,,262,1,Just Another Hitlist,,"under 1,000",false,,860 [Just Another Hitlist],https://www.torn.com/profiles.php?NID=Swirmy_worm,,https://www.torn.com/forums.php#/p=threads&f=61&t=16280317&b=0&a=0
,immigrant-tom,7,1530,,,,,,250,1,Just Another Hitlist,,"1,000-10,000",false,,1530 [Just Another Hitlist],https://www.torn.com/profiles.php?NID=immigrant-tom,,https://www.torn.com/forums.php#/p=threads&f=61&t=16280317&b=0&a=0
,axel987,6,190,,,,,,236,1,Just Another Hitlist,,"under 1,000",false,,190 [Just Another Hitlist],https://www.torn.com/profiles.php?NID=axel987,,https://www.torn.com/forums.php#/p=threads&f=61&t=16280317&b=0&a=0
,george_ol,6,190,,,,,,225,1,Just Another Hitlist,,"under 1,000",false,,190 [Just Another Hitlist],https://www.torn.com/profiles.php?NID=george_ol,,https://www.torn.com/forums.php#/p=threads&f=61&t=16280317&b=0&a=0
,Kauffman45,6,200,,,,,,225,1,Just Another Hitlist,,"under 1,000",false,,200 [Just Another Hitlist],https://www.torn.com/profiles.php?NID=Kauffman45,,https://www.torn.com/forums.php#/p=threads&f=61&t=16280317&b=0&a=0
,raiz,6,240,,,,,,225,1,Just Another Hitlist,,"under 1,000",false,,240 [Just Another Hitlist],https://www.torn.com/profiles.php?NID=raiz,,https://www.torn.com/forums.php#/p=threads&f=61&t=16280317&b=0&a=0
,Silentstep,6,290,,,,,,225,1,Just Another Hitlist,,"under 1,000",false,,290 [Just Another Hitlist],https://www.torn.com/profiles.php?NID=Silentstep,,https://www.torn.com/forums.php#/p=threads&f=61&t=16280317&b=0&a=0
,-Horrie-,6,330,,,,,,225,1,Just Another Hitlist,,"under 1,000",false,,330 [Just Another Hitlist],https://www.torn.com/profiles.php?NID=-Horrie-,,https://www.torn.com/forums.php#/p=threads&f=61&t=16280317&b=0&a=0
,killer599,6,560,,,,,,225,1,Just Another Hitlist,,"under 1,000",false,,560 [Just Another Hitlist],https://www.torn.com/profiles.php?NID=killer599,,https://www.torn.com/forums.php#/p=threads&f=61&t=16280317&b=0&a=0
,DrScience,6,780,,,,,,236,1,Just Another Hitlist,,"under 1,000",false,,780 [Just Another Hitlist],https://www.torn.com/profiles.php?NID=DrScience,,https://www.torn.com/forums.php#/p=threads&f=61&t=16280317&b=0&a=0
,Humming-bird,5,120,,,,,,210,1,Just Another Hitlist,,"under 1,000",false,,120 [Just Another Hitlist],https://www.torn.com/profiles.php?NID=Humming-bird,,https://www.torn.com/forums.php#/p=threads&f=61&t=16280317&b=0&a=0
,aleb,5,140,,,,,,200,1,Just Another Hitlist,,"under 1,000",false,,140 [Just Another Hitlist],https://www.torn.com/profiles.php?NID=aleb,,https://www.torn.com/forums.php#/p=threads&f=61&t=16280317&b=0&a=0
,Maddoxx,5,300,,,,,,210,1,Just Another Hitlist,,"under 1,000",false,,300 [Just Another Hitlist],https://www.torn.com/profiles.php?NID=Maddoxx,,https://www.torn.com/forums.php#/p=threads&f=61&t=16280317&b=0&a=0
,croceus,5,560,,,,,,200,1,Just Another Hitlist,,"under 1,000",false,,560 [Just Another Hitlist],https://www.torn.com/profiles.php?NID=croceus,,https://www.torn.com/forums.php#/p=threads&f=61&t=16280317&b=0&a=0
,-kubur-,5,650,,,,,,200,1,Just Another Hitlist,,"under 1,000",false,,650 [Just Another Hitlist],https://www.torn.com/profiles.php?NID=-kubur-,,https://www.torn.com/forums.php#/p=threads&f=61&t=16280317&b=0&a=0
,JACKARDA,5,720,,,,,,200,1,Just Another Hitlist,,"under 1,000",false,,720 [Just Another Hitlist],https://www.torn.com/profiles.php?NID=JACKARDA,,https://www.torn.com/forums.php#/p=threads&f=61&t=16280317&b=0&a=0
,-Heather,5,930,,,,,,200,1,Just Another Hitlist,,"under 1,000",false,,930 [Just Another Hitlist],https://www.torn.com/profiles.php?NID=-Heather,,https://www.torn.com/forums.php#/p=threads&f=61&t=16280317&b=0&a=0
,-D-K-,5,950,,,,,,200,1,Just Another Hitlist,,"under 1,000",false,,950 [Just Another Hitlist],https://www.torn.com/profiles.php?NID=-D-K-,,https://www.torn.com/forums.php#/p=threads&f=61&t=16280317&b=0&a=0
,Ringworm,5,3450,,,,,,200,1,Just Another Hitlist,,"1,000-10,000",false,,3450 [Just Another Hitlist],https://www.torn.com/profiles.php?NID=Ringworm,,https://www.torn.com/forums.php#/p=threads&f=61&t=16280317&b=0&a=0
,Bomestricys,3,80,,,,,,150,1,Just Another Hitlist,,"under 1,000",false,,80 [Just Another Hitlist],https://www.torn.com/profiles.php?NID=Bomestricys,,https://www.torn.com/forums.php#/p=threads&f=61&t=16280317&b=0&a=0
,busak,3,80,,,,,,150,1,Just Another Hitlist,,"under 1,000",false,,80 [Just Another Hitlist],https://www.torn.com/profiles.php?NID=busak,,https://www.torn.com/forums.php#/p=threads&f=61&t=16280317&b=0&a=0
,heehaa,3,80,,,,,,150,1,Just Another Hitlist,,"under 1,000",false,,80 [Just Another Hitlist],https://www.torn.com/profiles.php?NID=heehaa,,https://www.torn.com/forums.php#/p=threads&f=61&t=16280317&b=0&a=0
,gd123,3,100,,,,,,150,1,Just Another Hitlist,,"under 1,000",false,,100 [Just Another Hitlist],https://www.torn.com/profiles.php?NID=gd123,,https://www.torn.com/forums.php#/p=threads&f=61&t=16280317&b=0&a=0
,-Cyb3r,3,110,,,,,,150,1,Just Another Hitlist,,"under 1,000",false,,110 [Just Another Hitlist],https://www.torn.com/profiles.php?NID=-Cyb3r,,https://www.torn.com/forums.php#/p=threads&f=61&t=16280317&b=0&a=0
,ML42,3,140,,,,,,150,1,Just Another Hitlist,,"under 1,000",false,,140 [Just Another Hitlist],https://www.torn.com/profiles.php?NID=ML42,,https://www.torn.com/forums.php#/p=threads&f=61&t=16280317&b=0&a=0
,--Jasmin--,2,70,,,,,,131,1,Just Another Hitlist,,"under 1,000",false,,70 [Just Another Hitlist],https://www.torn.com/profiles.php?NID=--Jasmin--,,https://www.torn.com/forums.php#/p=threads&f=61&t=16280317&b=0&a=0
,-Diego-,2,70,,,,,,125,1,Just Another Hitlist,,"under 1,000",false,,70 [Just Another Hitlist],https://www.torn.com/profiles.php?NID=-Diego-,,https://www.torn.com/forums.php#/p=threads&f=61&t=16280317&b=0&a=0
,DiamondHead5911,2,80,,,,,,125,1,Just Another Hitlist,,"under 1,000",false,,80 [Just Another Hitlist],https://www.torn.com/profiles.php?NID=DiamondHead5911,,https://www.torn.com/forums.php#/p=threads&f=61&t=16280317&b=0&a=0
,BritishNecro,1,40,,,,,,100,1,Just Another Hitlist,,"under 1,000",false,,40 [Just Another Hitlist],https://www.torn.com/profiles.php?NID=BritishNecro,,https://www.torn.com/forums.php#/p=threads&f=61&t=16280317&b=0&a=0
,Bambamdasalty,1,50,,,,,,100,1,Just Another Hitlist,,"under 1,000",false,,50 [Just Another Hitlist],https://www.torn.com/profiles.php?NID=Bambamdasalty,,https://www.torn.com/forums.php#/p=threads&f=61&t=16280317&b=0&a=0
,detroit1005,1,50,,,,,,100,1,Just Another Hitlist,,"under 1,000",false,,50 [Just Another Hitlist],https://www.torn.com/profiles.php?NID=detroit1005,,https://www.torn.com/forums.php#/p=threads&f=61&t=16280317&b=0&a=0
,Thotttttttie,1,60,,,,,,100,1,Just Another Hitlist,,"under 1,000",false,,60 [Just Another Hitlist],https://www.torn.com/profiles.php?NID=Thotttttttie,,https://www.torn.com/forums.php#/p=threads&f=61&t=16280317&b=0&a=0
